Workbook

Sheet Summary
A1: Case Study: Student Attendance Management System – White Box Testing
A2: Basis path testing with control flow graphs on four core modules. Each module sheet holds its code, CFG, V(G), basis paths, test cases and coverage.
A4: 1. Modules under test and business rules (assumed)
A5: # | B5: Module | C5: Purpose | D5: Business rules
A6: 1 | B6: M1 Attendance Percentage | C6: Computes a student's attendance percentage for a subject. | D6: Percentage = (classes attended + approved medical-leave days) ÷ total classes × 100, capped at 100. Total classes must be > 0, otherwise INVALID.
A7: 2 | B7: M2 Exam Eligibility | C7: Decides whether a student may appear in the exam. | D7: 75% or more: ELIGIBLE. 65% to below 75%: CONDONED if condonation is approved, else DETAINED. Below 65%: DETAINED.
A8: 3 | B8: M3 Attendance Marking | C8: Totals one student's attendance from a list of daily status codes. | D8: P (present) = 1, L (late) = 0.5, any other code (A, absent) = 0.
A9: 4 | B9: M4 Attendance Alert | C9: Chooses the alert sent for a student at the end of the day. | D9: Checks in order: already alerted today, attendance ≥ 75%, 5+ consecutive absences, guardian contact on file.
A11: 2. Results (linked to the module sheets)
A12: # | B12: Module | C12: Function | D12: Nodes | E12: Edges | F12: Decisions | G12: V(G) | H12: Basis paths | I12: Infeasible | J12: Tests | K12: Passed | L12: Statement cov. | M12: Branch cov. | N12: Edge cov.
A13: 1 | B13: Attendance Percentage | C13: attendance_percentage(total, present, medical) | D13: =M1_AttendancePct!C49 -> 8 | E13: =M1_AttendancePct!C50 -> 10 | F13: =M1_AttendancePct!C51 -> 3 | G13: =M1_AttendancePct!C55 -> 4 | H13: =M1_AttendancePct!D65 -> 4 | I13: =M1_AttendancePct!D66 -> 0 | J13: =COUNTA(M1_AttendancePct!A70:A77) -> 8 | K13: =COUNTIF(M1_AttendancePct!G70:G77,"Pass") -> 8 | L13: =M1_AttendancePct!D103 -> 1 | M13: =M1_AttendancePct!D104 -> 1 | N13: =M1_AttendancePct!D105 -> 1
A14: 2 | B14: Exam Eligibility | C14: exam_eligibility(pct, condonation) | D14: =M2_Eligibility!C49 -> 8 | E14: =M2_Eligibility!C50 -> 10 | F14: =M2_Eligibility!C51 -> 3 | G14: =M2_Eligibility!C55 -> 4 | H14: =M2_Eligibility!D64 -> 4 | I14: =M2_Eligibility!D65 -> 0 | J14: =COUNTA(M2_Eligibility!A69:A77) -> 9 | K14: =COUNTIF(M2_Eligibility!G69:G77,"Pass") -> 9 | L14: =M2_Eligibility!D103 -> 1 | M14: =M2_Eligibility!D104 -> 1 | N14: =M2_Eligibility!D105 -> 1
A15: 3 | B15: Attendance Marking | C15: count_attendance(statuses) | D15: =M3_Marking!C50 -> 9 | E15: =M3_Marking!C51 -> 11 | F15: =M3_Marking!C52 -> 3 | G15: =M3_Marking!C56 -> 4 | H15: =M3_Marking!D69 -> 4 | I15: =M3_Marking!D70 -> 0 | J15: =COUNTA(M3_Marking!A74:A81) -> 8 | K15: =COUNTIF(M3_Marking!G74:G81,"Pass") -> 8 | L15: =M3_Marking!D109 -> 1 | M15: =M3_Marking!D110 -> 1 | N15: =M3_Marking!D111 -> 1
A16: 4 | B16: Attendance Alert | C16: attendance_alert(alerted_today, pct, absent_run, guardian) | D16: =M4_Alerts!C52 -> 10 | E16: =M4_Alerts!C53 -> 13 | F16: =M4_Alerts!C54 -> 4 | G16: =M4_Alerts!C58 -> 5 | H16: =M4_Alerts!D68 -> 5 | I16: =M4_Alerts!D69 -> 0 | J16: =COUNTA(M4_Alerts!A73:A81) -> 9 | K16: =COUNTIF(M4_Alerts!G73:G81,"Pass") -> 9 | L16: =M4_Alerts!D112 -> 1 | M16: =M4_Alerts!D113 -> 1 | N16: =M4_Alerts!D114 -> 1
B17: Total | G17: =SUM(G13:G16) -> 17 | H17: =SUM(H13:H16) -> 17 | I17: =SUM(I13:I16) -> 0 | J17: =SUM(J13:J16) -> 34 | K17: =SUM(K13:K16) -> 34
A19: 3. Key points
A20: • V(G) = E − N + 2 = decisions + 1. It is the minimum number of test cases needed to cover every independent path of a module.
A21: • Each module's basis set is built from a baseline path by flipping one decision at a time; supplementary and boundary tests are added on top.
A22: • Coverage = share of nodes (statement), T/F branches (decision) and edges that the suite's paths traverse. It recalculates if a test case is edited.
A23: • Actual outputs were obtained by running a Python implementation of each module, and each test's path was checked against its recorded node sequence. Yellow cells with blue text are editable inputs.

Sheet M1_AttendancePct
A1: Module 1: Attendance Percentage
A2: Module under test: attendance_percentage(total, present, medical) | Technique: basis path testing with control flow graph
A4: Rules (assumed): percentage = (classes attended + approved medical-leave days) ÷ total classes × 100, capped at 100. Total classes must be greater than 0.
A5: Returns the percentage rounded to 1 decimal place, or INVALID.
A6: Features tested: early return on invalid data, two independent if-assignments (join nodes), capping of over-counted attendance, final computed return.
A8: 1. Source code with CFG node mapping
A9: Line | B9: Source code | C9: Node
A10: 1 | B10: def attendance_percentage(total, present, medical): | C10: -
A11: 2 | B11: if total <= 0: | C11: N1
A12: 3 | B12: return 'INVALID' | C12: N2
A13: 4 | B13: if medical > 0: | C13: N3
A14: 5 | B14: present = present + medical | C14: N4
A15: 6 | B15: if present > total: | C15: N5
A16: 7 | B16: present = total | C16: N6
A17: 8 | B17: return round(present * 100 / total, 1) | C17: N7
A34: 2. Control flow graph – node table and edge table
A35: Node | B35: Statement | C35: Type | D35: Out-deg | E35: In-deg | G35: Edge | H35: From | I35: To | J35: Label | K35: Description
A36: 1 | B36: if total <= 0 | C36: Decision | D36: =COUNTIF($H$36:$H$45,A36) -> 2 | E36: =COUNTIF($I$36:$I$45,A36) -> 0 | G36: E1 | H36: 1 | I36: 2 | J36: T | K36: no classes held
A37: 2 | B37: return 'INVALID' | C37: Process | D37: =COUNTIF($H$36:$H$45,A37) -> 1 | E37: =COUNTIF($I$36:$I$45,A37) -> 1 | G37: E2 | H37: 1 | I37: 3 | J37: F | K37: valid total
A38: 3 | B38: if medical > 0 | C38: Decision | D38: =COUNTIF($H$36:$H$45,A38) -> 2 | E38: =COUNTIF($I$36:$I$45,A38) -> 1 | G38: E3 | H38: 3 | I38: 4 | J38: T | K38: medical leave approved
A39: 4 | B39: present = present + medical | C39: Process | D39: =COUNTIF($H$36:$H$45,A39) -> 1 | E39: =COUNTIF($I$36:$I$45,A39) -> 1 | G39: E4 | H39: 3 | I39: 5 | J39: F | K39: no medical leave
A40: 5 | B40: if present > total | C40: Decision | D40: =COUNTIF($H$36:$H$45,A40) -> 2 | E40: =COUNTIF($I$36:$I$45,A40) -> 2 | G40: E5 | H40: 4 | I40: 5 | J40: - | K40: leave added
A41: 6 | B41: present = total | C41: Process | D41: =COUNTIF($H$36:$H$45,A41) -> 1 | E41: =COUNTIF($I$36:$I$45,A41) -> 1 | G41: E6 | H41: 5 | I41: 6 | J41: T | K41: over-counted (cap)
A42: 7 | B42: return round(present*100/total, 1) | C42: Process | D42: =COUNTIF($H$36:$H$45,A42) -> 1 | E42: =COUNTIF($I$36:$I$45,A42) -> 2 | G42: E7 | H42: 5 | I42: 7 | J42: F | K42: within total
A43: 8 | B43: exit | C43: Exit | D43: =COUNTIF($H$36:$H$45,A43) -> 0 | E43: =COUNTIF($I$36:$I$45,A43) -> 2 | G43: E8 | H43: 6 | I43: 7 | J43: - | K43: capped
G44: E9 | H44: 2 | I44: 8 | J44: - | K44: exit
G45: E10 | H45: 7 | I45: 8 | J45: - | K45: exit
A47: 3. Cyclomatic complexity V(G)
A48: Parameter | B48: Formula / source | C48: Value
A49: Nodes (N) | B49: count of node table | C49: =COUNTA(A36:A43) -> 8
A50: Edges (E) | B50: count of edge table | C50: =COUNTA(G36:G45) -> 10
A51: Decision nodes (P) | B51: nodes of type Decision | C51: =COUNTIF(C36:C43,"Decision") -> 3
A52: V(G) – method 1 | B52: E − N + 2 | C52: =C50-C49+2 -> 4
A53: V(G) – method 2 | B53: P + 1 | C53: =C51+1 -> 4
A54: Methods agree? | B54: method 1 = method 2 | C54: =IF(C52=C53,"Yes","MISMATCH") -> Yes
A55: Cyclomatic complexity V(G) | B55: minimum number of tests required | C55: =C52 -> 4
A56: Rating | B56: 1-10 simple, 11-20 moderate, 21-50 complex, >50 unstable | C56: =IF(C55<=10,"Simple",IF(C55<=20,"Moderate",IF(C55<=50,"Complex","Unstable"))) -> Simple
A58: 4. Independent (basis) paths – baseline path, then flip one decision at a time
A59: Path | B59: Derivation | C59: Type | D59: Feasible? | E59: Node sequence | K59: Notes
A60: P1 | B60: Baseline: valid total, no medical leave, within total | C60: Basis | D60: Yes | E60: 1-3-5-7-8
A61: P2 | B61: Flip N1: total classes = 0 | C61: Basis | D61: Yes | E61: 1-2-8
A62: P3 | B62: Flip N3: medical leave added | C62: Basis | D62: Yes | E62: 1-3-4-5-7-8
A63: P4 | B63: Flip N5: present exceeds total, capped | C63: Basis | D63: Yes | E63: 1-3-5-6-7-8
A64: P5 | B64: Medical leave added and capped | C64: Supplementary | D64: Yes | E64: 1-3-4-5-6-7-8 | K64: Combination not in basis set
A65: Basis paths identified | D65: =COUNTIF(C60:C64,"Basis") -> 4 | E65: =IF(D65=C55,"= V(G) ✔","≠ V(G)") -> = V(G) ✔
A66: Infeasible paths | D66: =COUNTIF(D60:D64,"No") -> 0
A68: 5. Test cases (yellow / blue = editable inputs; Actual output obtained by running the code)
A69: TC ID | B69: Test objective | C69: Path | D69: Input | E69: Expected | F69: Actual | G69: Status | H69: Path nodes (lookup)
A70: TC01 | B70: Normal: 30 of 40 classes | C70: P1 | D70: total=40, present=30, medical=0 | E70: 75 | F70: 75 | G70: =IF(F70="","Not run",IF(F70=E70,"Pass","Fail")) -> Pass | H70: =INDEX($E$60:$E$64,MATCH(C70,$A$60:$A$64,0)) -> 1-3-5-7-8
A71: TC02 | B71: No classes held | C71: P2 | D71: total=0, present=0, medical=0 | E71: INVALID | F71: INVALID | G71: =IF(F71="","Not run",IF(F71=E71,"Pass","Fail")) -> Pass | H71: =INDEX($E$60:$E$64,MATCH(C71,$A$60:$A$64,0)) -> 1-2-8
A72: TC03 | B72: Medical leave of 2 days added | C72: P3 | D72: total=40, present=28, medical=2 | E72: 75 | F72: 75 | G72: =IF(F72="","Not run",IF(F72=E72,"Pass","Fail")) -> Pass | H72: =INDEX($E$60:$E$64,MATCH(C72,$A$60:$A$64,0)) -> 1-3-4-5-7-8
A73: TC04 | B73: Over-count capped at 100% | C73: P4 | D73: total=30, present=32, medical=0 | E73: 100 | F73: 100 | G73: =IF(F73="","Not run",IF(F73=E73,"Pass","Fail")) -> Pass | H73: =INDEX($E$60:$E$64,MATCH(C73,$A$60:$A$64,0)) -> 1-3-5-6-7-8
A74: TC05 | B74: Medical leave pushes above total | C74: P5 | D74: total=30, present=29, medical=3 | E74: 100 | F74: 100 | G74: =IF(F74="","Not run",IF(F74=E74,"Pass","Fail")) -> Pass | H74: =INDEX($E$60:$E$64,MATCH(C74,$A$60:$A$64,0)) -> 1-3-4-5-6-7-8
A75: TC06 | B75: Boundary: total = 1, absent | C75: P1 | D75: total=1, present=0, medical=0 | E75: 0 | F75: 0 | G75: =IF(F75="","Not run",IF(F75=E75,"Pass","Fail")) -> Pass | H75: =INDEX($E$60:$E$64,MATCH(C75,$A$60:$A$64,0)) -> 1-3-5-7-8
A76: TC07 | B76: Boundary: present = total | C76: P1 | D76: total=50, present=50, medical=0 | E76: 100 | F76: 100 | G76: =IF(F76="","Not run",IF(F76=E76,"Pass","Fail")) -> Pass | H76: =INDEX($E$60:$E$64,MATCH(C76,$A$60:$A$64,0)) -> 1-3-5-7-8
A77: TC08 | B77: Boundary: present = total + 1 | C77: P4 | D77: total=50, present=51, medical=0 | E77: 100 | F77: 100 | G77: =IF(F77="","Not run",IF(F77=E77,"Pass","Fail")) -> Pass | H77: =INDEX($E$60:$E$64,MATCH(C77,$A$60:$A$64,0)) -> 1-3-5-6-7-8
A79: 6. Coverage (1 = node / edge traversed by the test's path)
A80: Edge | B80: From | C80: To | D80: Label | E80: TC01 | F80: TC02 | G80: TC03 | H80: TC04 | I80: TC05 | J80: TC06 | K80: TC07 | L80: TC08 | M80: Hits | N80: Status
A81: =G36 -> E1 | B81: =H36 -> 1 | C81: =I36 -> 2 | D81: =J36 -> T | E81: =IF(ISNUMBER(SEARCH("-"&$B81&"-"&$C81&"-","-"&INDEX($H$70:$H$77,MATCH(E$80,$A$70:$A$77,0))&"-")),1,0) -> 0 | F81: =IF(ISNUMBER(SEARCH("-"&$B81&"-"&$C81&"-","-"&INDEX($H$70:$H$77,MATCH(F$80,$A$70:$A$77,0))&"-")),1,0) -> 1 | G81: =IF(ISNUMBER(SEARCH("-"&$B81&"-"&$C81&"-","-"&INDEX($H$70:$H$77,MATCH(G$80,$A$70:$A$77,0))&"-")),1,0) -> 0 | H81: =IF(ISNUMBER(SEARCH("-"&$B81&"-"&$C81&"-","-"&INDEX($H$70:$H$77,MATCH(H$80,$A$70:$A$77,0))&"-")),1,0) -> 0 | I81: =IF(ISNUMBER(SEARCH("-"&$B81&"-"&$C81&"-","-"&INDEX($H$70:$H$77,MATCH(I$80,$A$70:$A$77,0))&"-")),1,0) -> 0 | J81: =IF(ISNUMBER(SEARCH("-"&$B81&"-"&$C81&"-","-"&INDEX($H$70:$H$77,MATCH(J$80,$A$70:$A$77,0))&"-")),1,0) -> 0 | K81: =IF(ISNUMBER(SEARCH("-"&$B81&"-"&$C81&"-","-"&INDEX($H$70:$H$77,MATCH(K$80,$A$70:$A$77,0))&"-")),1,0) -> 0 | L81: =IF(ISNUMBER(SEARCH("-"&$B81&"-"&$C81&"-","-"&INDEX($H$70:$H$77,MATCH(L$80,$A$70:$A$77,0))&"-")),1,0) -> 0 | M81: =SUM(E81:L81) -> 1 | N81: =IF(M81>0,"Covered","NOT covered") -> Covered
A82: =G37 -> E2 | B82: =H37 -> 1 | C82: =I37 -> 3 | D82: =J37 -> F | E82: =IF(ISNUMBER(SEARCH("-"&$B82&"-"&$C82&"-","-"&INDEX($H$70:$H$77,MATCH(E$80,$A$70:$A$77,0))&"-")),1,0) -> 1 | F82: =IF(ISNUMBER(SEARCH("-"&$B82&"-"&$C82&"-","-"&INDEX($H$70:$H$77,MATCH(F$80,$A$70:$A$77,0))&"-")),1,0) -> 0 | G82: =IF(ISNUMBER(SEARCH("-"&$B82&"-"&$C82&"-","-"&INDEX($H$70:$H$77,MATCH(G$80,$A$70:$A$77,0))&"-")),1,0) -> 1 | H82: =IF(ISNUMBER(SEARCH("-"&$B82&"-"&$C82&"-","-"&INDEX($H$70:$H$77,MATCH(H$80,$A$70:$A$77,0))&"-")),1,0) -> 1 | I82: =IF(ISNUMBER(SEARCH("-"&$B82&"-"&$C82&"-","-"&INDEX($H$70:$H$77,MATCH(I$80,$A$70:$A$77,0))&"-")),1,0) -> 1 | J82: =IF(ISNUMBER(SEARCH("-"&$B82&"-"&$C82&"-","-"&INDEX($H$70:$H$77,MATCH(J$80,$A$70:$A$77,0))&"-")),1,0) -> 1 | K82: =IF(ISNUMBER(SEARCH("-"&$B82&"-"&$C82&"-","-"&INDEX($H$70:$H$77,MATCH(K$80,$A$70:$A$77,0))&"-")),1,0) -> 1 | L82: =IF(ISNUMBER(SEARCH("-"&$B82&"-"&$C82&"-","-"&INDEX($H$70:$H$77,MATCH(L$80,$A$70:$A$77,0))&"-")),1,0) -> 1 | M82: =SUM(E82:L82) -> 7 | N82: =IF(M82>0,"Covered","NOT covered") -> Covered
A83: =G38 -> E3 | B83: =H38 -> 3 | C83: =I38 -> 4 | D83: =J38 -> T | E83: =IF(ISNUMBER(SEARCH("-"&$B83&"-"&$C83&"-","-"&INDEX($H$70:$H$77,MATCH(E$80,$A$70:$A$77,0))&"-")),1,0) -> 0 | F83: =IF(ISNUMBER(SEARCH("-"&$B83&"-"&$C83&"-","-"&INDEX($H$70:$H$77,MATCH(F$80,$A$70:$A$77,0))&"-")),1,0) -> 0 | G83: =IF(ISNUMBER(SEARCH("-"&$B83&"-"&$C83&"-","-"&INDEX($H$70:$H$77,MATCH(G$80,$A$70:$A$77,0))&"-")),1,0) -> 1 | H83: =IF(ISNUMBER(SEARCH("-"&$B83&"-"&$C83&"-","-"&INDEX($H$70:$H$77,MATCH(H$80,$A$70:$A$77,0))&"-")),1,0) -> 0 | I83: =IF(ISNUMBER(SEARCH("-"&$B83&"-"&$C83&"-","-"&INDEX($H$70:$H$77,MATCH(I$80,$A$70:$A$77,0))&"-")),1,0) -> 1 | J83: =IF(ISNUMBER(SEARCH("-"&$B83&"-"&$C83&"-","-"&INDEX($H$70:$H$77,MATCH(J$80,$A$70:$A$77,0))&"-")),1,0) -> 0 | K83: =IF(ISNUMBER(SEARCH("-"&$B83&"-"&$C83&"-","-"&INDEX($H$70:$H$77,MATCH(K$80,$A$70:$A$77,0))&"-")),1,0) -> 0 | L83: =IF(ISNUMBER(SEARCH("-"&$B83&"-"&$C83&"-","-"&INDEX($H$70:$H$77,MATCH(L$80,$A$70:$A$77,0))&"-")),1,0) -> 0 | M83: =SUM(E83:L83) -> 2 | N83: =IF(M83>0,"Covered","NOT covered") -> Covered
A84: =G39 -> E4 | B84: =H39 -> 3 | C84: =I39 -> 5 | D84: =J39 -> F | E84: =IF(ISNUMBER(SEARCH("-"&$B84&"-"&$C84&"-","-"&INDEX($H$70:$H$77,MATCH(E$80,$A$70:$A$77,0))&"-")),1,0) -> 1 | F84: =IF(ISNUMBER(SEARCH("-"&$B84&"-"&$C84&"-","-"&INDEX($H$70:$H$77,MATCH(F$80,$A$70:$A$77,0))&"-")),1,0) -> 0 | G84: =IF(ISNUMBER(SEARCH("-"&$B84&"-"&$C84&"-","-"&INDEX($H$70:$H$77,MATCH(G$80,$A$70:$A$77,0))&"-")),1,0) -> 0 | H84: =IF(ISNUMBER(SEARCH("-"&$B84&"-"&$C84&"-","-"&INDEX($H$70:$H$77,MATCH(H$80,$A$70:$A$77,0))&"-")),1,0) -> 1 | I84: =IF(ISNUMBER(SEARCH("-"&$B84&"-"&$C84&"-","-"&INDEX($H$70:$H$77,MATCH(I$80,$A$70:$A$77,0))&"-")),1,0) -> 0 | J84: =IF(ISNUMBER(SEARCH("-"&$B84&"-"&$C84&"-","-"&INDEX($H$70:$H$77,MATCH(J$80,$A$70:$A$77,0))&"-")),1,0) -> 1 | K84: =IF(ISNUMBER(SEARCH("-"&$B84&"-"&$C84&"-","-"&INDEX($H$70:$H$77,MATCH(K$80,$A$70:$A$77,0))&"-")),1,0) -> 1 | L84: =IF(ISNUMBER(SEARCH("-"&$B84&"-"&$C84&"-","-"&INDEX($H$70:$H$77,MATCH(L$80,$A$70:$A$77,0))&"-")),1,0) -> 1 | M84: =SUM(E84:L84) -> 5 | N84: =IF(M84>0,"Covered","NOT covered") -> Covered
A85: =G40 -> E5 | B85: =H40 -> 4 | C85: =I40 -> 5 | D85: =J40 -> - | E85: =IF(ISNUMBER(SEARCH("-"&$B85&"-"&$C85&"-","-"&INDEX($H$70:$H$77,MATCH(E$80,$A$70:$A$77,0))&"-")),1,0) -> 0 | F85: =IF(ISNUMBER(SEARCH("-"&$B85&"-"&$C85&"-","-"&INDEX($H$70:$H$77,MATCH(F$80,$A$70:$A$77,0))&"-")),1,0) -> 0 | G85: =IF(ISNUMBER(SEARCH("-"&$B85&"-"&$C85&"-","-"&INDEX($H$70:$H$77,MATCH(G$80,$A$70:$A$77,0))&"-")),1,0) -> 1 | H85: =IF(ISNUMBER(SEARCH("-"&$B85&"-"&$C85&"-","-"&INDEX($H$70:$H$77,MATCH(H$80,$A$70:$A$77,0))&"-")),1,0) -> 0 | I85: =IF(ISNUMBER(SEARCH("-"&$B85&"-"&$C85&"-","-"&INDEX($H$70:$H$77,MATCH(I$80,$A$70:$A$77,0))&"-")),1,0) -> 1 | J85: =IF(ISNUMBER(SEARCH("-"&$B85&"-"&$C85&"-","-"&INDEX($H$70:$H$77,MATCH(J$80,$A$70:$A$77,0))&"-")),1,0) -> 0 | K85: =IF(ISNUMBER(SEARCH("-"&$B85&"-"&$C85&"-","-"&INDEX($H$70:$H$77,MATCH(K$80,$A$70:$A$77,0))&"-")),1,0) -> 0 | L85: =IF(ISNUMBER(SEARCH("-"&$B85&"-"&$C85&"-","-"&INDEX($H$70:$H$77,MATCH(L$80,$A$70:$A$77,0))&"-")),1,0) -> 0 | M85: =SUM(E85:L85) -> 2 | N85: =IF(M85>0,"Covered","NOT covered") -> Covered
A86: =G41 -> E6 | B86: =H41 -> 5 | C86: =I41 -> 6 | D86: =J41 -> T | E86: =IF(ISNUMBER(SEARCH("-"&$B86&"-"&$C86&"-","-"&INDEX($H$70:$H$77,MATCH(E$80,$A$70:$A$77,0))&"-")),1,0) -> 0 | F86: =IF(ISNUMBER(SEARCH("-"&$B86&"-"&$C86&"-","-"&INDEX($H$70:$H$77,MATCH(F$80,$A$70:$A$77,0))&"-")),1,0) -> 0 | G86: =IF(ISNUMBER(SEARCH("-"&$B86&"-"&$C86&"-","-"&INDEX($H$70:$H$77,MATCH(G$80,$A$70:$A$77,0))&"-")),1,0) -> 0 | H86: =IF(ISNUMBER(SEARCH("-"&$B86&"-"&$C86&"-","-"&INDEX($H$70:$H$77,MATCH(H$80,$A$70:$A$77,0))&"-")),1,0) -> 1 | I86: =IF(ISNUMBER(SEARCH("-"&$B86&"-"&$C86&"-","-"&INDEX($H$70:$H$77,MATCH(I$80,$A$70:$A$77,0))&"-")),1,0) -> 1 | J86: =IF(ISNUMBER(SEARCH("-"&$B86&"-"&$C86&"-","-"&INDEX($H$70:$H$77,MATCH(J$80,$A$70:$A$77,0))&"-")),1,0) -> 0 | K86: =IF(ISNUMBER(SEARCH("-"&$B86&"-"&$C86&"-","-"&INDEX($H$70:$H$77,MATCH(K$80,$A$70:$A$77,0))&"-")),1,0) -> 0 | L86: =IF(ISNUMBER(SEARCH("-"&$B86&"-"&$C86&"-","-"&INDEX($H$70:$H$77,MATCH(L$80,$A$70:$A$77,0))&"-")),1,0) -> 1 | M86: =SUM(E86:L86) -> 3 | N86: =IF(M86>0,"Covered","NOT covered") -> Covered
A87: =G42 -> E7 | B87: =H42 -> 5 | C87: =I42 -> 7 | D87: =J42 -> F | E87: =IF(ISNUMBER(SEARCH("-"&$B87&"-"&$C87&"-","-"&INDEX($H$70:$H$77,MATCH(E$80,$A$70:$A$77,0))&"-")),1,0) -> 1 | F87: =IF(ISNUMBER(SEARCH("-"&$B87&"-"&$C87&"-","-"&INDEX($H$70:$H$77,MATCH(F$80,$A$70:$A$77,0))&"-")),1,0) -> 0 | G87: =IF(ISNUMBER(SEARCH("-"&$B87&"-"&$C87&"-","-"&INDEX($H$70:$H$77,MATCH(G$80,$A$70:$A$77,0))&"-")),1,0) -> 1 | H87: =IF(ISNUMBER(SEARCH("-"&$B87&"-"&$C87&"-","-"&INDEX($H$70:$H$77,MATCH(H$80,$A$70:$A$77,0))&"-")),1,0) -> 0 | I87: =IF(ISNUMBER(SEARCH("-"&$B87&"-"&$C87&"-","-"&INDEX($H$70:$H$77,MATCH(I$80,$A$70:$A$77,0))&"-")),1,0) -> 0 | J87: =IF(ISNUMBER(SEARCH("-"&$B87&"-"&$C87&"-","-"&INDEX($H$70:$H$77,MATCH(J$80,$A$70:$A$77,0))&"-")),1,0) -> 1 | K87: =IF(ISNUMBER(SEARCH("-"&$B87&"-"&$C87&"-","-"&INDEX($H$70:$H$77,MATCH(K$80,$A$70:$A$77,0))&"-")),1,0) -> 1 | L87: =IF(ISNUMBER(SEARCH("-"&$B87&"-"&$C87&"-","-"&INDEX($H$70:$H$77,MATCH(L$80,$A$70:$A$77,0))&"-")),1,0) -> 0 | M87: =SUM(E87:L87) -> 4 | N87: =IF(M87>0,"Covered","NOT covered") -> Covered
A88: =G43 -> E8 | B88: =H43 -> 6 | C88: =I43 -> 7 | D88: =J43 -> - | E88: =IF(ISNUMBER(SEARCH("-"&$B88&"-"&$C88&"-","-"&INDEX($H$70:$H$77,MATCH(E$80,$A$70:$A$77,0))&"-")),1,0) -> 0 | F88: =IF(ISNUMBER(SEARCH("-"&$B88&"-"&$C88&"-","-"&INDEX($H$70:$H$77,MATCH(F$80,$A$70:$A$77,0))&"-")),1,0) -> 0 | G88: =IF(ISNUMBER(SEARCH("-"&$B88&"-"&$C88&"-","-"&INDEX($H$70:$H$77,MATCH(G$80,$A$70:$A$77,0))&"-")),1,0) -> 0 | H88: =IF(ISNUMBER(SEARCH("-"&$B88&"-"&$C88&"-","-"&INDEX($H$70:$H$77,MATCH(H$80,$A$70:$A$77,0))&"-")),1,0) -> 1 | I88: =IF(ISNUMBER(SEARCH("-"&$B88&"-"&$C88&"-","-"&INDEX($H$70:$H$77,MATCH(I$80,$A$70:$A$77,0))&"-")),1,0) -> 1 | J88: =IF(ISNUMBER(SEARCH("-"&$B88&"-"&$C88&"-","-"&INDEX($H$70:$H$77,MATCH(J$80,$A$70:$A$77,0))&"-")),1,0) -> 0 | K88: =IF(ISNUMBER(SEARCH("-"&$B88&"-"&$C88&"-","-"&INDEX($H$70:$H$77,MATCH(K$80,$A$70:$A$77,0))&"-")),1,0) -> 0 | L88: =IF(ISNUMBER(SEARCH("-"&$B88&"-"&$C88&"-","-"&INDEX($H$70:$H$77,MATCH(L$80,$A$70:$A$77,0))&"-")),1,0) -> 1 | M88: =SUM(E88:L88) -> 3 | N88: =IF(M88>0,"Covered","NOT covered") -> Covered
A89: =G44 -> E9 | B89: =H44 -> 2 | C89: =I44 -> 8 | D89: =J44 -> - | E89: =IF(ISNUMBER(SEARCH("-"&$B89&"-"&$C89&"-","-"&INDEX($H$70:$H$77,MATCH(E$80,$A$70:$A$77,0))&"-")),1,0) -> 0 | F89: =IF(ISNUMBER(SEARCH("-"&$B89&"-"&$C89&"-","-"&INDEX($H$70:$H$77,MATCH(F$80,$A$70:$A$77,0))&"-")),1,0) -> 1 | G89: =IF(ISNUMBER(SEARCH("-"&$B89&"-"&$C89&"-","-"&INDEX($H$70:$H$77,MATCH(G$80,$A$70:$A$77,0))&"-")),1,0) -> 0 | H89: =IF(ISNUMBER(SEARCH("-"&$B89&"-"&$C89&"-","-"&INDEX($H$70:$H$77,MATCH(H$80,$A$70:$A$77,0))&"-")),1,0) -> 0 | I89: =IF(ISNUMBER(SEARCH("-"&$B89&"-"&$C89&"-","-"&INDEX($H$70:$H$77,MATCH(I$80,$A$70:$A$77,0))&"-")),1,0) -> 0 | J89: =IF(ISNUMBER(SEARCH("-"&$B89&"-"&$C89&"-","-"&INDEX($H$70:$H$77,MATCH(J$80,$A$70:$A$77,0))&"-")),1,0) -> 0 | K89: =IF(ISNUMBER(SEARCH("-"&$B89&"-"&$C89&"-","-"&INDEX($H$70:$H$77,MATCH(K$80,$A$70:$A$77,0))&"-")),1,0) -> 0 | L89: =IF(ISNUMBER(SEARCH("-"&$B89&"-"&$C89&"-","-"&INDEX($H$70:$H$77,MATCH(L$80,$A$70:$A$77,0))&"-")),1,0) -> 0 | M89: =SUM(E89:L89) -> 1 | N89: =IF(M89>0,"Covered","NOT covered") -> Covered
A90: =G45 -> E10 | B90: =H45 -> 7 | C90: =I45 -> 8 | D90: =J45 -> - | E90: =IF(ISNUMBER(SEARCH("-"&$B90&"-"&$C90&"-","-"&INDEX($H$70:$H$77,MATCH(E$80,$A$70:$A$77,0))&"-")),1,0) -> 1 | F90: =IF(ISNUMBER(SEARCH("-"&$B90&"-"&$C90&"-","-"&INDEX($H$70:$H$77,MATCH(F$80,$A$70:$A$77,0))&"-")),1,0) -> 0 | G90: =IF(ISNUMBER(SEARCH("-"&$B90&"-"&$C90&"-","-"&INDEX($H$70:$H$77,MATCH(G$80,$A$70:$A$77,0))&"-")),1,0) -> 1 | H90: =IF(ISNUMBER(SEARCH("-"&$B90&"-"&$C90&"-","-"&INDEX($H$70:$H$77,MATCH(H$80,$A$70:$A$77,0))&"-")),1,0) -> 1 | I90: =IF(ISNUMBER(SEARCH("-"&$B90&"-"&$C90&"-","-"&INDEX($H$70:$H$77,MATCH(I$80,$A$70:$A$77,0))&"-")),1,0) -> 1 | J90: =IF(ISNUMBER(SEARCH("-"&$B90&"-"&$C90&"-","-"&INDEX($H$70:$H$77,MATCH(J$80,$A$70:$A$77,0))&"-")),1,0) -> 1 | K90: =IF(ISNUMBER(SEARCH("-"&$B90&"-"&$C90&"-","-"&INDEX($H$70:$H$77,MATCH(K$80,$A$70:$A$77,0))&"-")),1,0) -> 1 | L90: =IF(ISNUMBER(SEARCH("-"&$B90&"-"&$C90&"-","-"&INDEX($H$70:$H$77,MATCH(L$80,$A$70:$A$77,0))&"-")),1,0) -> 1 | M90: =SUM(E90:L90) -> 7 | N90: =IF(M90>0,"Covered","NOT covered") -> Covered
A92: Node | B92: Type | E92: TC01 | F92: TC02 | G92: TC03 | H92: TC04 | I92: TC05 | J92: TC06 | K92: TC07 | L92: TC08 | M92: Hits | N92: Status
A93: =A36 -> 1 | B93: =C36 -> Decision | E93: =IF(ISNUMBER(SEARCH("-"&$A93&"-","-"&INDEX($H$70:$H$77,MATCH(E$92,$A$70:$A$77,0))&"-")),1,0) -> 1 | F93: =IF(ISNUMBER(SEARCH("-"&$A93&"-","-"&INDEX($H$70:$H$77,MATCH(F$92,$A$70:$A$77,0))&"-")),1,0) -> 1 | G93: =IF(ISNUMBER(SEARCH("-"&$A93&"-","-"&INDEX($H$70:$H$77,MATCH(G$92,$A$70:$A$77,0))&"-")),1,0) -> 1 | H93: =IF(ISNUMBER(SEARCH("-"&$A93&"-","-"&INDEX($H$70:$H$77,MATCH(H$92,$A$70:$A$77,0))&"-")),1,0) -> 1 | I93: =IF(ISNUMBER(SEARCH("-"&$A93&"-","-"&INDEX($H$70:$H$77,MATCH(I$92,$A$70:$A$77,0))&"-")),1,0) -> 1 | J93: =IF(ISNUMBER(SEARCH("-"&$A93&"-","-"&INDEX($H$70:$H$77,MATCH(J$92,$A$70:$A$77,0))&"-")),1,0) -> 1 | K93: =IF(ISNUMBER(SEARCH("-"&$A93&"-","-"&INDEX($H$70:$H$77,MATCH(K$92,$A$70:$A$77,0))&"-")),1,0) -> 1 | L93: =IF(ISNUMBER(SEARCH("-"&$A93&"-","-"&INDEX($H$70:$H$77,MATCH(L$92,$A$70:$A$77,0))&"-")),1,0) -> 1 | M93: =SUM(E93:L93) -> 8 | N93: =IF(M93>0,"Covered","NOT covered") -> Covered
A94: =A37 -> 2 | B94: =C37 -> Process | E94: =IF(ISNUMBER(SEARCH("-"&$A94&"-","-"&INDEX($H$70:$H$77,MATCH(E$92,$A$70:$A$77,0))&"-")),1,0) -> 0 | F94: =IF(ISNUMBER(SEARCH("-"&$A94&"-","-"&INDEX($H$70:$H$77,MATCH(F$92,$A$70:$A$77,0))&"-")),1,0) -> 1 | G94: =IF(ISNUMBER(SEARCH("-"&$A94&"-","-"&INDEX($H$70:$H$77,MATCH(G$92,$A$70:$A$77,0))&"-")),1,0) -> 0 | H94: =IF(ISNUMBER(SEARCH("-"&$A94&"-","-"&INDEX($H$70:$H$77,MATCH(H$92,$A$70:$A$77,0))&"-")),1,0) -> 0 | I94: =IF(ISNUMBER(SEARCH("-"&$A94&"-","-"&INDEX($H$70:$H$77,MATCH(I$92,$A$70:$A$77,0))&"-")),1,0) -> 0 | J94: =IF(ISNUMBER(SEARCH("-"&$A94&"-","-"&INDEX($H$70:$H$77,MATCH(J$92,$A$70:$A$77,0))&"-")),1,0) -> 0 | K94: =IF(ISNUMBER(SEARCH("-"&$A94&"-","-"&INDEX($H$70:$H$77,MATCH(K$92,$A$70:$A$77,0))&"-")),1,0) -> 0 | L94: =IF(ISNUMBER(SEARCH("-"&$A94&"-","-"&INDEX($H$70:$H$77,MATCH(L$92,$A$70:$A$77,0))&"-")),1,0) -> 0 | M94: =SUM(E94:L94) -> 1 | N94: =IF(M94>0,"Covered","NOT covered") -> Covered
A95: =A38 -> 3 | B95: =C38 -> Decision | E95: =IF(ISNUMBER(SEARCH("-"&$A95&"-","-"&INDEX($H$70:$H$77,MATCH(E$92,$A$70:$A$77,0))&"-")),1,0) -> 1 | F95: =IF(ISNUMBER(SEARCH("-"&$A95&"-","-"&INDEX($H$70:$H$77,MATCH(F$92,$A$70:$A$77,0))&"-")),1,0) -> 0 | G95: =IF(ISNUMBER(SEARCH("-"&$A95&"-","-"&INDEX($H$70:$H$77,MATCH(G$92,$A$70:$A$77,0))&"-")),1,0) -> 1 | H95: =IF(ISNUMBER(SEARCH("-"&$A95&"-","-"&INDEX($H$70:$H$77,MATCH(H$92,$A$70:$A$77,0))&"-")),1,0) -> 1 | I95: =IF(ISNUMBER(SEARCH("-"&$A95&"-","-"&INDEX($H$70:$H$77,MATCH(I$92,$A$70:$A$77,0))&"-")),1,0) -> 1 | J95: =IF(ISNUMBER(SEARCH("-"&$A95&"-","-"&INDEX($H$70:$H$77,MATCH(J$92,$A$70:$A$77,0))&"-")),1,0) -> 1 | K95: =IF(ISNUMBER(SEARCH("-"&$A95&"-","-"&INDEX($H$70:$H$77,MATCH(K$92,$A$70:$A$77,0))&"-")),1,0) -> 1 | L95: =IF(ISNUMBER(SEARCH("-"&$A95&"-","-"&INDEX($H$70:$H$77,MATCH(L$92,$A$70:$A$77,0))&"-")),1,0) -> 1 | M95: =SUM(E95:L95) -> 7 | N95: =IF(M95>0,"Covered","NOT covered") -> Covered
A96: =A39 -> 4 | B96: =C39 -> Process | E96: =IF(ISNUMBER(SEARCH("-"&$A96&"-","-"&INDEX($H$70:$H$77,MATCH(E$92,$A$70:$A$77,0))&"-")),1,0) -> 0 | F96: =IF(ISNUMBER(SEARCH("-"&$A96&"-","-"&INDEX($H$70:$H$77,MATCH(F$92,$A$70:$A$77,0))&"-")),1,0) -> 0 | G96: =IF(ISNUMBER(SEARCH("-"&$A96&"-","-"&INDEX($H$70:$H$77,MATCH(G$92,$A$70:$A$77,0))&"-")),1,0) -> 1 | H96: =IF(ISNUMBER(SEARCH("-"&$A96&"-","-"&INDEX($H$70:$H$77,MATCH(H$92,$A$70:$A$77,0))&"-")),1,0) -> 0 | I96: =IF(ISNUMBER(SEARCH("-"&$A96&"-","-"&INDEX($H$70:$H$77,MATCH(I$92,$A$70:$A$77,0))&"-")),1,0) -> 1 | J96: =IF(ISNUMBER(SEARCH("-"&$A96&"-","-"&INDEX($H$70:$H$77,MATCH(J$92,$A$70:$A$77,0))&"-")),1,0) -> 0 | K96: =IF(ISNUMBER(SEARCH("-"&$A96&"-","-"&INDEX($H$70:$H$77,MATCH(K$92,$A$70:$A$77,0))&"-")),1,0) -> 0 | L96: =IF(ISNUMBER(SEARCH("-"&$A96&"-","-"&INDEX($H$70:$H$77,MATCH(L$92,$A$70:$A$77,0))&"-")),1,0) -> 0 | M96: =SUM(E96:L96) -> 2 | N96: =IF(M96>0,"Covered","NOT covered") -> Covered
A97: =A40 -> 5 | B97: =C40 -> Decision | E97: =IF(ISNUMBER(SEARCH("-"&$A97&"-","-"&INDEX($H$70:$H$77,MATCH(E$92,$A$70:$A$77,0))&"-")),1,0) -> 1 | F97: =IF(ISNUMBER(SEARCH("-"&$A97&"-","-"&INDEX($H$70:$H$77,MATCH(F$92,$A$70:$A$77,0))&"-")),1,0) -> 0 | G97: =IF(ISNUMBER(SEARCH("-"&$A97&"-","-"&INDEX($H$70:$H$77,MATCH(G$92,$A$70:$A$77,0))&"-")),1,0) -> 1 | H97: =IF(ISNUMBER(SEARCH("-"&$A97&"-","-"&INDEX($H$70:$H$77,MATCH(H$92,$A$70:$A$77,0))&"-")),1,0) -> 1 | I97: =IF(ISNUMBER(SEARCH("-"&$A97&"-","-"&INDEX($H$70:$H$77,MATCH(I$92,$A$70:$A$77,0))&"-")),1,0) -> 1 | J97: =IF(ISNUMBER(SEARCH("-"&$A97&"-","-"&INDEX($H$70:$H$77,MATCH(J$92,$A$70:$A$77,0))&"-")),1,0) -> 1 | K97: =IF(ISNUMBER(SEARCH("-"&$A97&"-","-"&INDEX($H$70:$H$77,MATCH(K$92,$A$70:$A$77,0))&"-")),1,0) -> 1 | L97: =IF(ISNUMBER(SEARCH("-"&$A97&"-","-"&INDEX($H$70:$H$77,MATCH(L$92,$A$70:$A$77,0))&"-")),1,0) -> 1 | M97: =SUM(E97:L97) -> 7 | N97: =IF(M97>0,"Covered","NOT covered") -> Covered
A98: =A41 -> 6 | B98: =C41 -> Process | E98: =IF(ISNUMBER(SEARCH("-"&$A98&"-","-"&INDEX($H$70:$H$77,MATCH(E$92,$A$70:$A$77,0))&"-")),1,0) -> 0 | F98: =IF(ISNUMBER(SEARCH("-"&$A98&"-","-"&INDEX($H$70:$H$77,MATCH(F$92,$A$70:$A$77,0))&"-")),1,0) -> 0 | G98: =IF(ISNUMBER(SEARCH("-"&$A98&"-","-"&INDEX($H$70:$H$77,MATCH(G$92,$A$70:$A$77,0))&"-")),1,0) -> 0 | H98: =IF(ISNUMBER(SEARCH("-"&$A98&"-","-"&INDEX($H$70:$H$77,MATCH(H$92,$A$70:$A$77,0))&"-")),1,0) -> 1 | I98: =IF(ISNUMBER(SEARCH("-"&$A98&"-","-"&INDEX($H$70:$H$77,MATCH(I$92,$A$70:$A$77,0))&"-")),1,0) -> 1 | J98: =IF(ISNUMBER(SEARCH("-"&$A98&"-","-"&INDEX($H$70:$H$77,MATCH(J$92,$A$70:$A$77,0))&"-")),1,0) -> 0 | K98: =IF(ISNUMBER(SEARCH("-"&$A98&"-","-"&INDEX($H$70:$H$77,MATCH(K$92,$A$70:$A$77,0))&"-")),1,0) -> 0 | L98: =IF(ISNUMBER(SEARCH("-"&$A98&"-","-"&INDEX($H$70:$H$77,MATCH(L$92,$A$70:$A$77,0))&"-")),1,0) -> 1 | M98: =SUM(E98:L98) -> 3 | N98: =IF(M98>0,"Covered","NOT covered") -> Covered
A99: =A42 -> 7 | B99: =C42 -> Process | E99: =IF(ISNUMBER(SEARCH("-"&$A99&"-","-"&INDEX($H$70:$H$77,MATCH(E$92,$A$70:$A$77,0))&"-")),1,0) -> 1 | F99: =IF(ISNUMBER(SEARCH("-"&$A99&"-","-"&INDEX($H$70:$H$77,MATCH(F$92,$A$70:$A$77,0))&"-")),1,0) -> 0 | G99: =IF(ISNUMBER(SEARCH("-"&$A99&"-","-"&INDEX($H$70:$H$77,MATCH(G$92,$A$70:$A$77,0))&"-")),1,0) -> 1 | H99: =IF(ISNUMBER(SEARCH("-"&$A99&"-","-"&INDEX($H$70:$H$77,MATCH(H$92,$A$70:$A$77,0))&"-")),1,0) -> 1 | I99: =IF(ISNUMBER(SEARCH("-"&$A99&"-","-"&INDEX($H$70:$H$77,MATCH(I$92,$A$70:$A$77,0))&"-")),1,0) -> 1 | J99: =IF(ISNUMBER(SEARCH("-"&$A99&"-","-"&INDEX($H$70:$H$77,MATCH(J$92,$A$70:$A$77,0))&"-")),1,0) -> 1 | K99: =IF(ISNUMBER(SEARCH("-"&$A99&"-","-"&INDEX($H$70:$H$77,MATCH(K$92,$A$70:$A$77,0))&"-")),1,0) -> 1 | L99: =IF(ISNUMBER(SEARCH("-"&$A99&"-","-"&INDEX($H$70:$H$77,MATCH(L$92,$A$70:$A$77,0))&"-")),1,0) -> 1 | M99: =SUM(E99:L99) -> 7 | N99: =IF(M99>0,"Covered","NOT covered") -> Covered
A100: =A43 -> 8 | B100: =C43 -> Exit | E100: =IF(ISNUMBER(SEARCH("-"&$A100&"-","-"&INDEX($H$70:$H$77,MATCH(E$92,$A$70:$A$77,0))&"-")),1,0) -> 1 | F100: =IF(ISNUMBER(SEARCH("-"&$A100&"-","-"&INDEX($H$70:$H$77,MATCH(F$92,$A$70:$A$77,0))&"-")),1,0) -> 1 | G100: =IF(ISNUMBER(SEARCH("-"&$A100&"-","-"&INDEX($H$70:$H$77,MATCH(G$92,$A$70:$A$77,0))&"-")),1,0) -> 1 | H100: =IF(ISNUMBER(SEARCH("-"&$A100&"-","-"&INDEX($H$70:$H$77,MATCH(H$92,$A$70:$A$77,0))&"-")),1,0) -> 1 | I100: =IF(ISNUMBER(SEARCH("-"&$A100&"-","-"&INDEX($H$70:$H$77,MATCH(I$92,$A$70:$A$77,0))&"-")),1,0) -> 1 | J100: =IF(ISNUMBER(SEARCH("-"&$A100&"-","-"&INDEX($H$70:$H$77,MATCH(J$92,$A$70:$A$77,0))&"-")),1,0) -> 1 | K100: =IF(ISNUMBER(SEARCH("-"&$A100&"-","-"&INDEX($H$70:$H$77,MATCH(K$92,$A$70:$A$77,0))&"-")),1,0) -> 1 | L100: =IF(ISNUMBER(SEARCH("-"&$A100&"-","-"&INDEX($H$70:$H$77,MATCH(L$92,$A$70:$A$77,0))&"-")),1,0) -> 1 | M100: =SUM(E100:L100) -> 8 | N100: =IF(M100>0,"Covered","NOT covered") -> Covered
A102: 7. Coverage results
A103: Statement (node) coverage | D103: =COUNTIF(N93:N100,"Covered")/COUNTA(A93:A100) -> 1
A104: Branch (decision) coverage | D104: =(COUNTIFS(D81:D90,"T",N81:N90,"Covered")+COUNTIFS(D81:D90,"F",N81:N90,"Covered"))/(COUNTIF(D81:D90,"T")+COUNTIF(D81:D90,"F")) -> 1
A105: Edge (path) coverage | D105: =COUNTIF(N81:N90,"Covered")/COUNTA(A81:A90) -> 1
A106: Tests passed | D106: =COUNTIF(G70:G77,"Pass")&" / "&COUNTA(A70:A77) -> 8 / 8

Sheet M2_Eligibility
A1: Module 2: Exam Eligibility
A2: Module under test: exam_eligibility(pct, condonation) | Technique: basis path testing with control flow graph
A4: Rules (assumed): 75% or more is ELIGIBLE. From 65% up to 75% the student is CONDONED when condonation is approved, otherwise DETAINED. Below 65% is always DETAINED.
A5: Returns ELIGIBLE, CONDONED or DETAINED.
A6: Features tested: sequential decisions with early returns, boundary values at 75 and 65, two separate nodes returning DETAINED.
A8: 1. Source code with CFG node mapping
A9: Line | B9: Source code | C9: Node
A10: 1 | B10: def exam_eligibility(pct, condonation): | C10: -
A11: 2 | B11: if pct >= 75: | C11: N1
A12: 3 | B12: return 'ELIGIBLE' | C12: N2
A13: 4 | B13: if pct < 65: | C13: N3
A14: 5 | B14: return 'DETAINED' | C14: N4
A15: 6 | B15: if condonation: | C15: N5
A16: 7 | B16: return 'CONDONED' | C16: N6
A17: 8 | B17: return 'DETAINED' | C17: N7
A34: 2. Control flow graph – node table and edge table
A35: Node | B35: Statement | C35: Type | D35: Out-deg | E35: In-deg | G35: Edge | H35: From | I35: To | J35: Label | K35: Description
A36: 1 | B36: if pct >= 75 | C36: Decision | D36: =COUNTIF($H$36:$H$45,A36) -> 2 | E36: =COUNTIF($I$36:$I$45,A36) -> 0 | G36: E1 | H36: 1 | I36: 2 | J36: T | K36: meets 75%
A37: 2 | B37: return 'ELIGIBLE' | C37: Process | D37: =COUNTIF($H$36:$H$45,A37) -> 1 | E37: =COUNTIF($I$36:$I$45,A37) -> 1 | G37: E2 | H37: 1 | I37: 3 | J37: F | K37: below 75%
A38: 3 | B38: if pct < 65 | C38: Decision | D38: =COUNTIF($H$36:$H$45,A38) -> 2 | E38: =COUNTIF($I$36:$I$45,A38) -> 1 | G38: E3 | H38: 3 | I38: 4 | J38: T | K38: below 65%
A39: 4 | B39: return 'DETAINED' (below 65) | C39: Process | D39: =COUNTIF($H$36:$H$45,A39) -> 1 | E39: =COUNTIF($I$36:$I$45,A39) -> 1 | G39: E4 | H39: 3 | I39: 5 | J39: F | K39: 65% to below 75%
A40: 5 | B40: if condonation | C40: Decision | D40: =COUNTIF($H$36:$H$45,A40) -> 2 | E40: =COUNTIF($I$36:$I$45,A40) -> 1 | G40: E5 | H40: 5 | I40: 6 | J40: T | K40: condonation approved
A41: 6 | B41: return 'CONDONED' | C41: Process | D41: =COUNTIF($H$36:$H$45,A41) -> 1 | E41: =COUNTIF($I$36:$I$45,A41) -> 1 | G41: E6 | H41: 5 | I41: 7 | J41: F | K41: no condonation
A42: 7 | B42: return 'DETAINED' (not condoned) | C42: Process | D42: =COUNTIF($H$36:$H$45,A42) -> 1 | E42: =COUNTIF($I$36:$I$45,A42) -> 1 | G42: E7 | H42: 2 | I42: 8 | J42: - | K42: exit
A43: 8 | B43: exit | C43: Exit | D43: =COUNTIF($H$36:$H$45,A43) -> 0 | E43: =COUNTIF($I$36:$I$45,A43) -> 4 | G43: E8 | H43: 4 | I43: 8 | J43: - | K43: exit
G44: E9 | H44: 6 | I44: 8 | J44: - | K44: exit
G45: E10 | H45: 7 | I45: 8 | J45: - | K45: exit
A47: 3. Cyclomatic complexity V(G)
A48: Parameter | B48: Formula / source | C48: Value
A49: Nodes (N) | B49: count of node table | C49: =COUNTA(A36:A43) -> 8
A50: Edges (E) | B50: count of edge table | C50: =COUNTA(G36:G45) -> 10
A51: Decision nodes (P) | B51: nodes of type Decision | C51: =COUNTIF(C36:C43,"Decision") -> 3
A52: V(G) – method 1 | B52: E − N + 2 | C52: =C50-C49+2 -> 4
A53: V(G) – method 2 | B53: P + 1 | C53: =C51+1 -> 4
A54: Methods agree? | B54: method 1 = method 2 | C54: =IF(C52=C53,"Yes","MISMATCH") -> Yes
A55: Cyclomatic complexity V(G) | B55: minimum number of tests required | C55: =C52 -> 4
A56: Rating | B56: 1-10 simple, 11-20 moderate, 21-50 complex, >50 unstable | C56: =IF(C55<=10,"Simple",IF(C55<=20,"Moderate",IF(C55<=50,"Complex","Unstable"))) -> Simple
A58: 4. Independent (basis) paths – baseline path, then flip one decision at a time
A59: Path | B59: Derivation | C59: Type | D59: Feasible? | E59: Node sequence | K59: Notes
A60: P1 | B60: Baseline: 65-75%, no condonation | C60: Basis | D60: Yes | E60: 1-3-5-7-8
A61: P2 | B61: Flip N1: 75% or more | C61: Basis | D61: Yes | E61: 1-2-8
A62: P3 | B62: Flip N3: below 65% | C62: Basis | D62: Yes | E62: 1-3-4-8
A63: P4 | B63: Flip N5: condonation approved | C63: Basis | D63: Yes | E63: 1-3-5-6-8
A64: Basis paths identified | D64: =COUNTIF(C60:C63,"Basis") -> 4 | E64: =IF(D64=C55,"= V(G) ✔","≠ V(G)") -> = V(G) ✔
A65: Infeasible paths | D65: =COUNTIF(D60:D63,"No") -> 0
A67: 5. Test cases (yellow / blue = editable inputs; Actual output obtained by running the code)
A68: TC ID | B68: Test objective | C68: Path | D68: Input | E68: Expected | F68: Actual | G68: Status | H68: Path nodes (lookup)
A69: TC01 | B69: 70%, no condonation | C69: P1 | D69: pct=70, condonation=No | E69: DETAINED | F69: DETAINED | G69: =IF(F69="","Not run",IF(F69=E69,"Pass","Fail")) -> Pass | H69: =INDEX($E$60:$E$63,MATCH(C69,$A$60:$A$63,0)) -> 1-3-5-7-8
A70: TC02 | B70: 82%, regular eligible | C70: P2 | D70: pct=82, condonation=No | E70: ELIGIBLE | F70: ELIGIBLE | G70: =IF(F70="","Not run",IF(F70=E70,"Pass","Fail")) -> Pass | H70: =INDEX($E$60:$E$63,MATCH(C70,$A$60:$A$63,0)) -> 1-2-8
A71: TC03 | B71: 55%, no condonation | C71: P3 | D71: pct=55, condonation=No | E71: DETAINED | F71: DETAINED | G71: =IF(F71="","Not run",IF(F71=E71,"Pass","Fail")) -> Pass | H71: =INDEX($E$60:$E$63,MATCH(C71,$A$60:$A$63,0)) -> 1-3-4-8
A72: TC04 | B72: 70% with condonation | C72: P4 | D72: pct=70, condonation=Yes | E72: CONDONED | F72: CONDONED | G72: =IF(F72="","Not run",IF(F72=E72,"Pass","Fail")) -> Pass | H72: =INDEX($E$60:$E$63,MATCH(C72,$A$60:$A$63,0)) -> 1-3-5-6-8
A73: TC05 | B73: 55% with condonation: cannot rescue | C73: P3 | D73: pct=55, condonation=Yes | E73: DETAINED | F73: DETAINED | G73: =IF(F73="","Not run",IF(F73=E73,"Pass","Fail")) -> Pass | H73: =INDEX($E$60:$E$63,MATCH(C73,$A$60:$A$63,0)) -> 1-3-4-8
A74: TC06 | B74: Boundary: exactly 75% | C74: P2 | D74: pct=75, condonation=No | E74: ELIGIBLE | F74: ELIGIBLE | G74: =IF(F74="","Not run",IF(F74=E74,"Pass","Fail")) -> Pass | H74: =INDEX($E$60:$E$63,MATCH(C74,$A$60:$A$63,0)) -> 1-2-8
A75: TC07 | B75: Boundary: 74.9%, no condonation | C75: P1 | D75: pct=74.9, condonation=No | E75: DETAINED | F75: DETAINED | G75: =IF(F75="","Not run",IF(F75=E75,"Pass","Fail")) -> Pass | H75: =INDEX($E$60:$E$63,MATCH(C75,$A$60:$A$63,0)) -> 1-3-5-7-8
A76: TC08 | B76: Boundary: exactly 65% condoned | C76: P4 | D76: pct=65, condonation=Yes | E76: CONDONED | F76: CONDONED | G76: =IF(F76="","Not run",IF(F76=E76,"Pass","Fail")) -> Pass | H76: =INDEX($E$60:$E$63,MATCH(C76,$A$60:$A$63,0)) -> 1-3-5-6-8
A77: TC09 | B77: Boundary: 64.9% with condonation | C77: P3 | D77: pct=64.9, condonation=Yes | E77: DETAINED | F77: DETAINED | G77: =IF(F77="","Not run",IF(F77=E77,"Pass","Fail")) -> Pass | H77: =INDEX($E$60:$E$63,MATCH(C77,$A$60:$A$63,0)) -> 1-3-4-8
A79: 6. Coverage (1 = node / edge traversed by the test's path)
A80: Edge | B80: From | C80: To | D80: Label | E80: TC01 | F80: TC02 | G80: TC03 | H80: TC04 | I80: TC05 | J80: TC06 | K80: TC07 | L80: TC08 | M80: TC09 | N80: Hits | O80: Status
A81: =G36 -> E1 | B81: =H36 -> 1 | C81: =I36 -> 2 | D81: =J36 -> T | E81: =IF(ISNUMBER(SEARCH("-"&$B81&"-"&$C81&"-","-"&INDEX($H$69:$H$77,MATCH(E$80,$A$69:$A$77,0))&"-")),1,0) -> 0 | F81: =IF(ISNUMBER(SEARCH("-"&$B81&"-"&$C81&"-","-"&INDEX($H$69:$H$77,MATCH(F$80,$A$69:$A$77,0))&"-")),1,0) -> 1 | G81: =IF(ISNUMBER(SEARCH("-"&$B81&"-"&$C81&"-","-"&INDEX($H$69:$H$77,MATCH(G$80,$A$69:$A$77,0))&"-")),1,0) -> 0 | H81: =IF(ISNUMBER(SEARCH("-"&$B81&"-"&$C81&"-","-"&INDEX($H$69:$H$77,MATCH(H$80,$A$69:$A$77,0))&"-")),1,0) -> 0 | I81: =IF(ISNUMBER(SEARCH("-"&$B81&"-"&$C81&"-","-"&INDEX($H$69:$H$77,MATCH(I$80,$A$69:$A$77,0))&"-")),1,0) -> 0 | J81: =IF(ISNUMBER(SEARCH("-"&$B81&"-"&$C81&"-","-"&INDEX($H$69:$H$77,MATCH(J$80,$A$69:$A$77,0))&"-")),1,0) -> 1 | K81: =IF(ISNUMBER(SEARCH("-"&$B81&"-"&$C81&"-","-"&INDEX($H$69:$H$77,MATCH(K$80,$A$69:$A$77,0))&"-")),1,0) -> 0 | L81: =IF(ISNUMBER(SEARCH("-"&$B81&"-"&$C81&"-","-"&INDEX($H$69:$H$77,MATCH(L$80,$A$69:$A$77,0))&"-")),1,0) -> 0 | M81: =IF(ISNUMBER(SEARCH("-"&$B81&"-"&$C81&"-","-"&INDEX($H$69:$H$77,MATCH(M$80,$A$69:$A$77,0))&"-")),1,0) -> 0 | N81: =SUM(E81:M81) -> 2 | O81: =IF(N81>0,"Covered","NOT covered") -> Covered
A82: =G37 -> E2 | B82: =H37 -> 1 | C82: =I37 -> 3 | D82: =J37 -> F | E82: =IF(ISNUMBER(SEARCH("-"&$B82&"-"&$C82&"-","-"&INDEX($H$69:$H$77,MATCH(E$80,$A$69:$A$77,0))&"-")),1,0) -> 1 | F82: =IF(ISNUMBER(SEARCH("-"&$B82&"-"&$C82&"-","-"&INDEX($H$69:$H$77,MATCH(F$80,$A$69:$A$77,0))&"-")),1,0) -> 0 | G82: =IF(ISNUMBER(SEARCH("-"&$B82&"-"&$C82&"-","-"&INDEX($H$69:$H$77,MATCH(G$80,$A$69:$A$77,0))&"-")),1,0) -> 1 | H82: =IF(ISNUMBER(SEARCH("-"&$B82&"-"&$C82&"-","-"&INDEX($H$69:$H$77,MATCH(H$80,$A$69:$A$77,0))&"-")),1,0) -> 1 | I82: =IF(ISNUMBER(SEARCH("-"&$B82&"-"&$C82&"-","-"&INDEX($H$69:$H$77,MATCH(I$80,$A$69:$A$77,0))&"-")),1,0) -> 1 | J82: =IF(ISNUMBER(SEARCH("-"&$B82&"-"&$C82&"-","-"&INDEX($H$69:$H$77,MATCH(J$80,$A$69:$A$77,0))&"-")),1,0) -> 0 | K82: =IF(ISNUMBER(SEARCH("-"&$B82&"-"&$C82&"-","-"&INDEX($H$69:$H$77,MATCH(K$80,$A$69:$A$77,0))&"-")),1,0) -> 1 | L82: =IF(ISNUMBER(SEARCH("-"&$B82&"-"&$C82&"-","-"&INDEX($H$69:$H$77,MATCH(L$80,$A$69:$A$77,0))&"-")),1,0) -> 1 | M82: =IF(ISNUMBER(SEARCH("-"&$B82&"-"&$C82&"-","-"&INDEX($H$69:$H$77,MATCH(M$80,$A$69:$A$77,0))&"-")),1,0) -> 1 | N82: =SUM(E82:M82) -> 7 | O82: =IF(N82>0,"Covered","NOT covered") -> Covered
A83: =G38 -> E3 | B83: =H38 -> 3 | C83: =I38 -> 4 | D83: =J38 -> T | E83: =IF(ISNUMBER(SEARCH("-"&$B83&"-"&$C83&"-","-"&INDEX($H$69:$H$77,MATCH(E$80,$A$69:$A$77,0))&"-")),1,0) -> 0 | F83: =IF(ISNUMBER(SEARCH("-"&$B83&"-"&$C83&"-","-"&INDEX($H$69:$H$77,MATCH(F$80,$A$69:$A$77,0))&"-")),1,0) -> 0 | G83: =IF(ISNUMBER(SEARCH("-"&$B83&"-"&$C83&"-","-"&INDEX($H$69:$H$77,MATCH(G$80,$A$69:$A$77,0))&"-")),1,0) -> 1 | H83: =IF(ISNUMBER(SEARCH("-"&$B83&"-"&$C83&"-","-"&INDEX($H$69:$H$77,MATCH(H$80,$A$69:$A$77,0))&"-")),1,0) -> 0 | I83: =IF(ISNUMBER(SEARCH("-"&$B83&"-"&$C83&"-","-"&INDEX($H$69:$H$77,MATCH(I$80,$A$69:$A$77,0))&"-")),1,0) -> 1 | J83: =IF(ISNUMBER(SEARCH("-"&$B83&"-"&$C83&"-","-"&INDEX($H$69:$H$77,MATCH(J$80,$A$69:$A$77,0))&"-")),1,0) -> 0 | K83: =IF(ISNUMBER(SEARCH("-"&$B83&"-"&$C83&"-","-"&INDEX($H$69:$H$77,MATCH(K$80,$A$69:$A$77,0))&"-")),1,0) -> 0 | L83: =IF(ISNUMBER(SEARCH("-"&$B83&"-"&$C83&"-","-"&INDEX($H$69:$H$77,MATCH(L$80,$A$69:$A$77,0))&"-")),1,0) -> 0 | M83: =IF(ISNUMBER(SEARCH("-"&$B83&"-"&$C83&"-","-"&INDEX($H$69:$H$77,MATCH(M$80,$A$69:$A$77,0))&"-")),1,0) -> 1 | N83: =SUM(E83:M83) -> 3 | O83: =IF(N83>0,"Covered","NOT covered") -> Covered
A84: =G39 -> E4 | B84: =H39 -> 3 | C84: =I39 -> 5 | D84: =J39 -> F | E84: =IF(ISNUMBER(SEARCH("-"&$B84&"-"&$C84&"-","-"&INDEX($H$69:$H$77,MATCH(E$80,$A$69:$A$77,0))&"-")),1,0) -> 1 | F84: =IF(ISNUMBER(SEARCH("-"&$B84&"-"&$C84&"-","-"&INDEX($H$69:$H$77,MATCH(F$80,$A$69:$A$77,0))&"-")),1,0) -> 0 | G84: =IF(ISNUMBER(SEARCH("-"&$B84&"-"&$C84&"-","-"&INDEX($H$69:$H$77,MATCH(G$80,$A$69:$A$77,0))&"-")),1,0) -> 0 | H84: =IF(ISNUMBER(SEARCH("-"&$B84&"-"&$C84&"-","-"&INDEX($H$69:$H$77,MATCH(H$80,$A$69:$A$77,0))&"-")),1,0) -> 1 | I84: =IF(ISNUMBER(SEARCH("-"&$B84&"-"&$C84&"-","-"&INDEX($H$69:$H$77,MATCH(I$80,$A$69:$A$77,0))&"-")),1,0) -> 0 | J84: =IF(ISNUMBER(SEARCH("-"&$B84&"-"&$C84&"-","-"&INDEX($H$69:$H$77,MATCH(J$80,$A$69:$A$77,0))&"-")),1,0) -> 0 | K84: =IF(ISNUMBER(SEARCH("-"&$B84&"-"&$C84&"-","-"&INDEX($H$69:$H$77,MATCH(K$80,$A$69:$A$77,0))&"-")),1,0) -> 1 | L84: =IF(ISNUMBER(SEARCH("-"&$B84&"-"&$C84&"-","-"&INDEX($H$69:$H$77,MATCH(L$80,$A$69:$A$77,0))&"-")),1,0) -> 1 | M84: =IF(ISNUMBER(SEARCH("-"&$B84&"-"&$C84&"-","-"&INDEX($H$69:$H$77,MATCH(M$80,$A$69:$A$77,0))&"-")),1,0) -> 0 | N84: =SUM(E84:M84) -> 4 | O84: =IF(N84>0,"Covered","NOT covered") -> Covered
A85: =G40 -> E5 | B85: =H40 -> 5 | C85: =I40 -> 6 | D85: =J40 -> T | E85: =IF(ISNUMBER(SEARCH("-"&$B85&"-"&$C85&"-","-"&INDEX($H$69:$H$77,MATCH(E$80,$A$69:$A$77,0))&"-")),1,0) -> 0 | F85: =IF(ISNUMBER(SEARCH("-"&$B85&"-"&$C85&"-","-"&INDEX($H$69:$H$77,MATCH(F$80,$A$69:$A$77,0))&"-")),1,0) -> 0 | G85: =IF(ISNUMBER(SEARCH("-"&$B85&"-"&$C85&"-","-"&INDEX($H$69:$H$77,MATCH(G$80,$A$69:$A$77,0))&"-")),1,0) -> 0 | H85: =IF(ISNUMBER(SEARCH("-"&$B85&"-"&$C85&"-","-"&INDEX($H$69:$H$77,MATCH(H$80,$A$69:$A$77,0))&"-")),1,0) -> 1 | I85: =IF(ISNUMBER(SEARCH("-"&$B85&"-"&$C85&"-","-"&INDEX($H$69:$H$77,MATCH(I$80,$A$69:$A$77,0))&"-")),1,0) -> 0 | J85: =IF(ISNUMBER(SEARCH("-"&$B85&"-"&$C85&"-","-"&INDEX($H$69:$H$77,MATCH(J$80,$A$69:$A$77,0))&"-")),1,0) -> 0 | K85: =IF(ISNUMBER(SEARCH("-"&$B85&"-"&$C85&"-","-"&INDEX($H$69:$H$77,MATCH(K$80,$A$69:$A$77,0))&"-")),1,0) -> 0 | L85: =IF(ISNUMBER(SEARCH("-"&$B85&"-"&$C85&"-","-"&INDEX($H$69:$H$77,MATCH(L$80,$A$69:$A$77,0))&"-")),1,0) -> 1 | M85: =IF(ISNUMBER(SEARCH("-"&$B85&"-"&$C85&"-","-"&INDEX($H$69:$H$77,MATCH(M$80,$A$69:$A$77,0))&"-")),1,0) -> 0 | N85: =SUM(E85:M85) -> 2 | O85: =IF(N85>0,"Covered","NOT covered") -> Covered
A86: =G41 -> E6 | B86: =H41 -> 5 | C86: =I41 -> 7 | D86: =J41 -> F | E86: =IF(ISNUMBER(SEARCH("-"&$B86&"-"&$C86&"-","-"&INDEX($H$69:$H$77,MATCH(E$80,$A$69:$A$77,0))&"-")),1,0) -> 1 | F86: =IF(ISNUMBER(SEARCH("-"&$B86&"-"&$C86&"-","-"&INDEX($H$69:$H$77,MATCH(F$80,$A$69:$A$77,0))&"-")),1,0) -> 0 | G86: =IF(ISNUMBER(SEARCH("-"&$B86&"-"&$C86&"-","-"&INDEX($H$69:$H$77,MATCH(G$80,$A$69:$A$77,0))&"-")),1,0) -> 0 | H86: =IF(ISNUMBER(SEARCH("-"&$B86&"-"&$C86&"-","-"&INDEX($H$69:$H$77,MATCH(H$80,$A$69:$A$77,0))&"-")),1,0) -> 0 | I86: =IF(ISNUMBER(SEARCH("-"&$B86&"-"&$C86&"-","-"&INDEX($H$69:$H$77,MATCH(I$80,$A$69:$A$77,0))&"-")),1,0) -> 0 | J86: =IF(ISNUMBER(SEARCH("-"&$B86&"-"&$C86&"-","-"&INDEX($H$69:$H$77,MATCH(J$80,$A$69:$A$77,0))&"-")),1,0) -> 0 | K86: =IF(ISNUMBER(SEARCH("-"&$B86&"-"&$C86&"-","-"&INDEX($H$69:$H$77,MATCH(K$80,$A$69:$A$77,0))&"-")),1,0) -> 1 | L86: =IF(ISNUMBER(SEARCH("-"&$B86&"-"&$C86&"-","-"&INDEX($H$69:$H$77,MATCH(L$80,$A$69:$A$77,0))&"-")),1,0) -> 0 | M86: =IF(ISNUMBER(SEARCH("-"&$B86&"-"&$C86&"-","-"&INDEX($H$69:$H$77,MATCH(M$80,$A$69:$A$77,0))&"-")),1,0) -> 0 | N86: =SUM(E86:M86) -> 2 | O86: =IF(N86>0,"Covered","NOT covered") -> Covered
A87: =G42 -> E7 | B87: =H42 -> 2 | C87: =I42 -> 8 | D87: =J42 -> - | E87: =IF(ISNUMBER(SEARCH("-"&$B87&"-"&$C87&"-","-"&INDEX($H$69:$H$77,MATCH(E$80,$A$69:$A$77,0))&"-")),1,0) -> 0 | F87: =IF(ISNUMBER(SEARCH("-"&$B87&"-"&$C87&"-","-"&INDEX($H$69:$H$77,MATCH(F$80,$A$69:$A$77,0))&"-")),1,0) -> 1 | G87: =IF(ISNUMBER(SEARCH("-"&$B87&"-"&$C87&"-","-"&INDEX($H$69:$H$77,MATCH(G$80,$A$69:$A$77,0))&"-")),1,0) -> 0 | H87: =IF(ISNUMBER(SEARCH("-"&$B87&"-"&$C87&"-","-"&INDEX($H$69:$H$77,MATCH(H$80,$A$69:$A$77,0))&"-")),1,0) -> 0 | I87: =IF(ISNUMBER(SEARCH("-"&$B87&"-"&$C87&"-","-"&INDEX($H$69:$H$77,MATCH(I$80,$A$69:$A$77,0))&"-")),1,0) -> 0 | J87: =IF(ISNUMBER(SEARCH("-"&$B87&"-"&$C87&"-","-"&INDEX($H$69:$H$77,MATCH(J$80,$A$69:$A$77,0))&"-")),1,0) -> 1 | K87: =IF(ISNUMBER(SEARCH("-"&$B87&"-"&$C87&"-","-"&INDEX($H$69:$H$77,MATCH(K$80,$A$69:$A$77,0))&"-")),1,0) -> 0 | L87: =IF(ISNUMBER(SEARCH("-"&$B87&"-"&$C87&"-","-"&INDEX($H$69:$H$77,MATCH(L$80,$A$69:$A$77,0))&"-")),1,0) -> 0 | M87: =IF(ISNUMBER(SEARCH("-"&$B87&"-"&$C87&"-","-"&INDEX($H$69:$H$77,MATCH(M$80,$A$69:$A$77,0))&"-")),1,0) -> 0 | N87: =SUM(E87:M87) -> 2 | O87: =IF(N87>0,"Covered","NOT covered") -> Covered
A88: =G43 -> E8 | B88: =H43 -> 4 | C88: =I43 -> 8 | D88: =J43 -> - | E88: =IF(ISNUMBER(SEARCH("-"&$B88&"-"&$C88&"-","-"&INDEX($H$69:$H$77,MATCH(E$80,$A$69:$A$77,0))&"-")),1,0) -> 0 | F88: =IF(ISNUMBER(SEARCH("-"&$B88&"-"&$C88&"-","-"&INDEX($H$69:$H$77,MATCH(F$80,$A$69:$A$77,0))&"-")),1,0) -> 0 | G88: =IF(ISNUMBER(SEARCH("-"&$B88&"-"&$C88&"-","-"&INDEX($H$69:$H$77,MATCH(G$80,$A$69:$A$77,0))&"-")),1,0) -> 1 | H88: =IF(ISNUMBER(SEARCH("-"&$B88&"-"&$C88&"-","-"&INDEX($H$69:$H$77,MATCH(H$80,$A$69:$A$77,0))&"-")),1,0) -> 0 | I88: =IF(ISNUMBER(SEARCH("-"&$B88&"-"&$C88&"-","-"&INDEX($H$69:$H$77,MATCH(I$80,$A$69:$A$77,0))&"-")),1,0) -> 1 | J88: =IF(ISNUMBER(SEARCH("-"&$B88&"-"&$C88&"-","-"&INDEX($H$69:$H$77,MATCH(J$80,$A$69:$A$77,0))&"-")),1,0) -> 0 | K88: =IF(ISNUMBER(SEARCH("-"&$B88&"-"&$C88&"-","-"&INDEX($H$69:$H$77,MATCH(K$80,$A$69:$A$77,0))&"-")),1,0) -> 0 | L88: =IF(ISNUMBER(SEARCH("-"&$B88&"-"&$C88&"-","-"&INDEX($H$69:$H$77,MATCH(L$80,$A$69:$A$77,0))&"-")),1,0) -> 0 | M88: =IF(ISNUMBER(SEARCH("-"&$B88&"-"&$C88&"-","-"&INDEX($H$69:$H$77,MATCH(M$80,$A$69:$A$77,0))&"-")),1,0) -> 1 | N88: =SUM(E88:M88) -> 3 | O88: =IF(N88>0,"Covered","NOT covered") -> Covered
A89: =G44 -> E9 | B89: =H44 -> 6 | C89: =I44 -> 8 | D89: =J44 -> - | E89: =IF(ISNUMBER(SEARCH("-"&$B89&"-"&$C89&"-","-"&INDEX($H$69:$H$77,MATCH(E$80,$A$69:$A$77,0))&"-")),1,0) -> 0 | F89: =IF(ISNUMBER(SEARCH("-"&$B89&"-"&$C89&"-","-"&INDEX($H$69:$H$77,MATCH(F$80,$A$69:$A$77,0))&"-")),1,0) -> 0 | G89: =IF(ISNUMBER(SEARCH("-"&$B89&"-"&$C89&"-","-"&INDEX($H$69:$H$77,MATCH(G$80,$A$69:$A$77,0))&"-")),1,0) -> 0 | H89: =IF(ISNUMBER(SEARCH("-"&$B89&"-"&$C89&"-","-"&INDEX($H$69:$H$77,MATCH(H$80,$A$69:$A$77,0))&"-")),1,0) -> 1 | I89: =IF(ISNUMBER(SEARCH("-"&$B89&"-"&$C89&"-","-"&INDEX($H$69:$H$77,MATCH(I$80,$A$69:$A$77,0))&"-")),1,0) -> 0 | J89: =IF(ISNUMBER(SEARCH("-"&$B89&"-"&$C89&"-","-"&INDEX($H$69:$H$77,MATCH(J$80,$A$69:$A$77,0))&"-")),1,0) -> 0 | K89: =IF(ISNUMBER(SEARCH("-"&$B89&"-"&$C89&"-","-"&INDEX($H$69:$H$77,MATCH(K$80,$A$69:$A$77,0))&"-")),1,0) -> 0 | L89: =IF(ISNUMBER(SEARCH("-"&$B89&"-"&$C89&"-","-"&INDEX($H$69:$H$77,MATCH(L$80,$A$69:$A$77,0))&"-")),1,0) -> 1 | M89: =IF(ISNUMBER(SEARCH("-"&$B89&"-"&$C89&"-","-"&INDEX($H$69:$H$77,MATCH(M$80,$A$69:$A$77,0))&"-")),1,0) -> 0 | N89: =SUM(E89:M89) -> 2 | O89: =IF(N89>0,"Covered","NOT covered") -> Covered
A90: =G45 -> E10 | B90: =H45 -> 7 | C90: =I45 -> 8 | D90: =J45 -> - | E90: =IF(ISNUMBER(SEARCH("-"&$B90&"-"&$C90&"-","-"&INDEX($H$69:$H$77,MATCH(E$80,$A$69:$A$77,0))&"-")),1,0) -> 1 | F90: =IF(ISNUMBER(SEARCH("-"&$B90&"-"&$C90&"-","-"&INDEX($H$69:$H$77,MATCH(F$80,$A$69:$A$77,0))&"-")),1,0) -> 0 | G90: =IF(ISNUMBER(SEARCH("-"&$B90&"-"&$C90&"-","-"&INDEX($H$69:$H$77,MATCH(G$80,$A$69:$A$77,0))&"-")),1,0) -> 0 | H90: =IF(ISNUMBER(SEARCH("-"&$B90&"-"&$C90&"-","-"&INDEX($H$69:$H$77,MATCH(H$80,$A$69:$A$77,0))&"-")),1,0) -> 0 | I90: =IF(ISNUMBER(SEARCH("-"&$B90&"-"&$C90&"-","-"&INDEX($H$69:$H$77,MATCH(I$80,$A$69:$A$77,0))&"-")),1,0) -> 0 | J90: =IF(ISNUMBER(SEARCH("-"&$B90&"-"&$C90&"-","-"&INDEX($H$69:$H$77,MATCH(J$80,$A$69:$A$77,0))&"-")),1,0) -> 0 | K90: =IF(ISNUMBER(SEARCH("-"&$B90&"-"&$C90&"-","-"&INDEX($H$69:$H$77,MATCH(K$80,$A$69:$A$77,0))&"-")),1,0) -> 1 | L90: =IF(ISNUMBER(SEARCH("-"&$B90&"-"&$C90&"-","-"&INDEX($H$69:$H$77,MATCH(L$80,$A$69:$A$77,0))&"-")),1,0) -> 0 | M90: =IF(ISNUMBER(SEARCH("-"&$B90&"-"&$C90&"-","-"&INDEX($H$69:$H$77,MATCH(M$80,$A$69:$A$77,0))&"-")),1,0) -> 0 | N90: =SUM(E90:M90) -> 2 | O90: =IF(N90>0,"Covered","NOT covered") -> Covered
A92: Node | B92: Type | E92: TC01 | F92: TC02 | G92: TC03 | H92: TC04 | I92: TC05 | J92: TC06 | K92: TC07 | L92: TC08 | M92: TC09 | N92: Hits | O92: Status
A93: =A36 -> 1 | B93: =C36 -> Decision | E93: =IF(ISNUMBER(SEARCH("-"&$A93&"-","-"&INDEX($H$69:$H$77,MATCH(E$92,$A$69:$A$77,0))&"-")),1,0) -> 1 | F93: =IF(ISNUMBER(SEARCH("-"&$A93&"-","-"&INDEX($H$69:$H$77,MATCH(F$92,$A$69:$A$77,0))&"-")),1,0) -> 1 | G93: =IF(ISNUMBER(SEARCH("-"&$A93&"-","-"&INDEX($H$69:$H$77,MATCH(G$92,$A$69:$A$77,0))&"-")),1,0) -> 1 | H93: =IF(ISNUMBER(SEARCH("-"&$A93&"-","-"&INDEX($H$69:$H$77,MATCH(H$92,$A$69:$A$77,0))&"-")),1,0) -> 1 | I93: =IF(ISNUMBER(SEARCH("-"&$A93&"-","-"&INDEX($H$69:$H$77,MATCH(I$92,$A$69:$A$77,0))&"-")),1,0) -> 1 | J93: =IF(ISNUMBER(SEARCH("-"&$A93&"-","-"&INDEX($H$69:$H$77,MATCH(J$92,$A$69:$A$77,0))&"-")),1,0) -> 1 | K93: =IF(ISNUMBER(SEARCH("-"&$A93&"-","-"&INDEX($H$69:$H$77,MATCH(K$92,$A$69:$A$77,0))&"-")),1,0) -> 1 | L93: =IF(ISNUMBER(SEARCH("-"&$A93&"-","-"&INDEX($H$69:$H$77,MATCH(L$92,$A$69:$A$77,0))&"-")),1,0) -> 1 | M93: =IF(ISNUMBER(SEARCH("-"&$A93&"-","-"&INDEX($H$69:$H$77,MATCH(M$92,$A$69:$A$77,0))&"-")),1,0) -> 1 | N93: =SUM(E93:M93) -> 9 | O93: =IF(N93>0,"Covered","NOT covered") -> Covered
A94: =A37 -> 2 | B94: =C37 -> Process | E94: =IF(ISNUMBER(SEARCH("-"&$A94&"-","-"&INDEX($H$69:$H$77,MATCH(E$92,$A$69:$A$77,0))&"-")),1,0) -> 0 | F94: =IF(ISNUMBER(SEARCH("-"&$A94&"-","-"&INDEX($H$69:$H$77,MATCH(F$92,$A$69:$A$77,0))&"-")),1,0) -> 1 | G94: =IF(ISNUMBER(SEARCH("-"&$A94&"-","-"&INDEX($H$69:$H$77,MATCH(G$92,$A$69:$A$77,0))&"-")),1,0) -> 0 | H94: =IF(ISNUMBER(SEARCH("-"&$A94&"-","-"&INDEX($H$69:$H$77,MATCH(H$92,$A$69:$A$77,0))&"-")),1,0) -> 0 | I94: =IF(ISNUMBER(SEARCH("-"&$A94&"-","-"&INDEX($H$69:$H$77,MATCH(I$92,$A$69:$A$77,0))&"-")),1,0) -> 0 | J94: =IF(ISNUMBER(SEARCH("-"&$A94&"-","-"&INDEX($H$69:$H$77,MATCH(J$92,$A$69:$A$77,0))&"-")),1,0) -> 1 | K94: =IF(ISNUMBER(SEARCH("-"&$A94&"-","-"&INDEX($H$69:$H$77,MATCH(K$92,$A$69:$A$77,0))&"-")),1,0) -> 0 | L94: =IF(ISNUMBER(SEARCH("-"&$A94&"-","-"&INDEX($H$69:$H$77,MATCH(L$92,$A$69:$A$77,0))&"-")),1,0) -> 0 | M94: =IF(ISNUMBER(SEARCH("-"&$A94&"-","-"&INDEX($H$69:$H$77,MATCH(M$92,$A$69:$A$77,0))&"-")),1,0) -> 0 | N94: =SUM(E94:M94) -> 2 | O94: =IF(N94>0,"Covered","NOT covered") -> Covered
A95: =A38 -> 3 | B95: =C38 -> Decision | E95: =IF(ISNUMBER(SEARCH("-"&$A95&"-","-"&INDEX($H$69:$H$77,MATCH(E$92,$A$69:$A$77,0))&"-")),1,0) -> 1 | F95: =IF(ISNUMBER(SEARCH("-"&$A95&"-","-"&INDEX($H$69:$H$77,MATCH(F$92,$A$69:$A$77,0))&"-")),1,0) -> 0 | G95: =IF(ISNUMBER(SEARCH("-"&$A95&"-","-"&INDEX($H$69:$H$77,MATCH(G$92,$A$69:$A$77,0))&"-")),1,0) -> 1 | H95: =IF(ISNUMBER(SEARCH("-"&$A95&"-","-"&INDEX($H$69:$H$77,MATCH(H$92,$A$69:$A$77,0))&"-")),1,0) -> 1 | I95: =IF(ISNUMBER(SEARCH("-"&$A95&"-","-"&INDEX($H$69:$H$77,MATCH(I$92,$A$69:$A$77,0))&"-")),1,0) -> 1 | J95: =IF(ISNUMBER(SEARCH("-"&$A95&"-","-"&INDEX($H$69:$H$77,MATCH(J$92,$A$69:$A$77,0))&"-")),1,0) -> 0 | K95: =IF(ISNUMBER(SEARCH("-"&$A95&"-","-"&INDEX($H$69:$H$77,MATCH(K$92,$A$69:$A$77,0))&"-")),1,0) -> 1 | L95: =IF(ISNUMBER(SEARCH("-"&$A95&"-","-"&INDEX($H$69:$H$77,MATCH(L$92,$A$69:$A$77,0))&"-")),1,0) -> 1 | M95: =IF(ISNUMBER(SEARCH("-"&$A95&"-","-"&INDEX($H$69:$H$77,MATCH(M$92,$A$69:$A$77,0))&"-")),1,0) -> 1 | N95: =SUM(E95:M95) -> 7 | O95: =IF(N95>0,"Covered","NOT covered") -> Covered
A96: =A39 -> 4 | B96: =C39 -> Process | E96: =IF(ISNUMBER(SEARCH("-"&$A96&"-","-"&INDEX($H$69:$H$77,MATCH(E$92,$A$69:$A$77,0))&"-")),1,0) -> 0 | F96: =IF(ISNUMBER(SEARCH("-"&$A96&"-","-"&INDEX($H$69:$H$77,MATCH(F$92,$A$69:$A$77,0))&"-")),1,0) -> 0 | G96: =IF(ISNUMBER(SEARCH("-"&$A96&"-","-"&INDEX($H$69:$H$77,MATCH(G$92,$A$69:$A$77,0))&"-")),1,0) -> 1 | H96: =IF(ISNUMBER(SEARCH("-"&$A96&"-","-"&INDEX($H$69:$H$77,MATCH(H$92,$A$69:$A$77,0))&"-")),1,0) -> 0 | I96: =IF(ISNUMBER(SEARCH("-"&$A96&"-","-"&INDEX($H$69:$H$77,MATCH(I$92,$A$69:$A$77,0))&"-")),1,0) -> 1 | J96: =IF(ISNUMBER(SEARCH("-"&$A96&"-","-"&INDEX($H$69:$H$77,MATCH(J$92,$A$69:$A$77,0))&"-")),1,0) -> 0 | K96: =IF(ISNUMBER(SEARCH("-"&$A96&"-","-"&INDEX($H$69:$H$77,MATCH(K$92,$A$69:$A$77,0))&"-")),1,0) -> 0 | L96: =IF(ISNUMBER(SEARCH("-"&$A96&"-","-"&INDEX($H$69:$H$77,MATCH(L$92,$A$69:$A$77,0))&"-")),1,0) -> 0 | M96: =IF(ISNUMBER(SEARCH("-"&$A96&"-","-"&INDEX($H$69:$H$77,MATCH(M$92,$A$69:$A$77,0))&"-")),1,0) -> 1 | N96: =SUM(E96:M96) -> 3 | O96: =IF(N96>0,"Covered","NOT covered") -> Covered
A97: =A40 -> 5 | B97: =C40 -> Decision | E97: =IF(ISNUMBER(SEARCH("-"&$A97&"-","-"&INDEX($H$69:$H$77,MATCH(E$92,$A$69:$A$77,0))&"-")),1,0) -> 1 | F97: =IF(ISNUMBER(SEARCH("-"&$A97&"-","-"&INDEX($H$69:$H$77,MATCH(F$92,$A$69:$A$77,0))&"-")),1,0) -> 0 | G97: =IF(ISNUMBER(SEARCH("-"&$A97&"-","-"&INDEX($H$69:$H$77,MATCH(G$92,$A$69:$A$77,0))&"-")),1,0) -> 0 | H97: =IF(ISNUMBER(SEARCH("-"&$A97&"-","-"&INDEX($H$69:$H$77,MATCH(H$92,$A$69:$A$77,0))&"-")),1,0) -> 1 | I97: =IF(ISNUMBER(SEARCH("-"&$A97&"-","-"&INDEX($H$69:$H$77,MATCH(I$92,$A$69:$A$77,0))&"-")),1,0) -> 0 | J97: =IF(ISNUMBER(SEARCH("-"&$A97&"-","-"&INDEX($H$69:$H$77,MATCH(J$92,$A$69:$A$77,0))&"-")),1,0) -> 0 | K97: =IF(ISNUMBER(SEARCH("-"&$A97&"-","-"&INDEX($H$69:$H$77,MATCH(K$92,$A$69:$A$77,0))&"-")),1,0) -> 1 | L97: =IF(ISNUMBER(SEARCH("-"&$A97&"-","-"&INDEX($H$69:$H$77,MATCH(L$92,$A$69:$A$77,0))&"-")),1,0) -> 1 | M97: =IF(ISNUMBER(SEARCH("-"&$A97&"-","-"&INDEX($H$69:$H$77,MATCH(M$92,$A$69:$A$77,0))&"-")),1,0) -> 0 | N97: =SUM(E97:M97) -> 4 | O97: =IF(N97>0,"Covered","NOT covered") -> Covered
A98: =A41 -> 6 | B98: =C41 -> Process | E98: =IF(ISNUMBER(SEARCH("-"&$A98&"-","-"&INDEX($H$69:$H$77,MATCH(E$92,$A$69:$A$77,0))&"-")),1,0) -> 0 | F98: =IF(ISNUMBER(SEARCH("-"&$A98&"-","-"&INDEX($H$69:$H$77,MATCH(F$92,$A$69:$A$77,0))&"-")),1,0) -> 0 | G98: =IF(ISNUMBER(SEARCH("-"&$A98&"-","-"&INDEX($H$69:$H$77,MATCH(G$92,$A$69:$A$77,0))&"-")),1,0) -> 0 | H98: =IF(ISNUMBER(SEARCH("-"&$A98&"-","-"&INDEX($H$69:$H$77,MATCH(H$92,$A$69:$A$77,0))&"-")),1,0) -> 1 | I98: =IF(ISNUMBER(SEARCH("-"&$A98&"-","-"&INDEX($H$69:$H$77,MATCH(I$92,$A$69:$A$77,0))&"-")),1,0) -> 0 | J98: =IF(ISNUMBER(SEARCH("-"&$A98&"-","-"&INDEX($H$69:$H$77,MATCH(J$92,$A$69:$A$77,0))&"-")),1,0) -> 0 | K98: =IF(ISNUMBER(SEARCH("-"&$A98&"-","-"&INDEX($H$69:$H$77,MATCH(K$92,$A$69:$A$77,0))&"-")),1,0) -> 0 | L98: =IF(ISNUMBER(SEARCH("-"&$A98&"-","-"&INDEX($H$69:$H$77,MATCH(L$92,$A$69:$A$77,0))&"-")),1,0) -> 1 | M98: =IF(ISNUMBER(SEARCH("-"&$A98&"-","-"&INDEX($H$69:$H$77,MATCH(M$92,$A$69:$A$77,0))&"-")),1,0) -> 0 | N98: =SUM(E98:M98) -> 2 | O98: =IF(N98>0,"Covered","NOT covered") -> Covered
A99: =A42 -> 7 | B99: =C42 -> Process | E99: =IF(ISNUMBER(SEARCH("-"&$A99&"-","-"&INDEX($H$69:$H$77,MATCH(E$92,$A$69:$A$77,0))&"-")),1,0) -> 1 | F99: =IF(ISNUMBER(SEARCH("-"&$A99&"-","-"&INDEX($H$69:$H$77,MATCH(F$92,$A$69:$A$77,0))&"-")),1,0) -> 0 | G99: =IF(ISNUMBER(SEARCH("-"&$A99&"-","-"&INDEX($H$69:$H$77,MATCH(G$92,$A$69:$A$77,0))&"-")),1,0) -> 0 | H99: =IF(ISNUMBER(SEARCH("-"&$A99&"-","-"&INDEX($H$69:$H$77,MATCH(H$92,$A$69:$A$77,0))&"-")),1,0) -> 0 | I99: =IF(ISNUMBER(SEARCH("-"&$A99&"-","-"&INDEX($H$69:$H$77,MATCH(I$92,$A$69:$A$77,0))&"-")),1,0) -> 0 | J99: =IF(ISNUMBER(SEARCH("-"&$A99&"-","-"&INDEX($H$69:$H$77,MATCH(J$92,$A$69:$A$77,0))&"-")),1,0) -> 0 | K99: =IF(ISNUMBER(SEARCH("-"&$A99&"-","-"&INDEX($H$69:$H$77,MATCH(K$92,$A$69:$A$77,0))&"-")),1,0) -> 1 | L99: =IF(ISNUMBER(SEARCH("-"&$A99&"-","-"&INDEX($H$69:$H$77,MATCH(L$92,$A$69:$A$77,0))&"-")),1,0) -> 0 | M99: =IF(ISNUMBER(SEARCH("-"&$A99&"-","-"&INDEX($H$69:$H$77,MATCH(M$92,$A$69:$A$77,0))&"-")),1,0) -> 0 | N99: =SUM(E99:M99) -> 2 | O99: =IF(N99>0,"Covered","NOT covered") -> Covered
A100: =A43 -> 8 | B100: =C43 -> Exit | E100: =IF(ISNUMBER(SEARCH("-"&$A100&"-","-"&INDEX($H$69:$H$77,MATCH(E$92,$A$69:$A$77,0))&"-")),1,0) -> 1 | F100: =IF(ISNUMBER(SEARCH("-"&$A100&"-","-"&INDEX($H$69:$H$77,MATCH(F$92,$A$69:$A$77,0))&"-")),1,0) -> 1 | G100: =IF(ISNUMBER(SEARCH("-"&$A100&"-","-"&INDEX($H$69:$H$77,MATCH(G$92,$A$69:$A$77,0))&"-")),1,0) -> 1 | H100: =IF(ISNUMBER(SEARCH("-"&$A100&"-","-"&INDEX($H$69:$H$77,MATCH(H$92,$A$69:$A$77,0))&"-")),1,0) -> 1 | I100: =IF(ISNUMBER(SEARCH("-"&$A100&"-","-"&INDEX($H$69:$H$77,MATCH(I$92,$A$69:$A$77,0))&"-")),1,0) -> 1 | J100: =IF(ISNUMBER(SEARCH("-"&$A100&"-","-"&INDEX($H$69:$H$77,MATCH(J$92,$A$69:$A$77,0))&"-")),1,0) -> 1 | K100: =IF(ISNUMBER(SEARCH("-"&$A100&"-","-"&INDEX($H$69:$H$77,MATCH(K$92,$A$69:$A$77,0))&"-")),1,0) -> 1 | L100: =IF(ISNUMBER(SEARCH("-"&$A100&"-","-"&INDEX($H$69:$H$77,MATCH(L$92,$A$69:$A$77,0))&"-")),1,0) -> 1 | M100: =IF(ISNUMBER(SEARCH("-"&$A100&"-","-"&INDEX($H$69:$H$77,MATCH(M$92,$A$69:$A$77,0))&"-")),1,0) -> 1 | N100: =SUM(E100:M100) -> 9 | O100: =IF(N100>0,"Covered","NOT covered") -> Covered
A102: 7. Coverage results
A103: Statement (node) coverage | D103: =COUNTIF(O93:O100,"Covered")/COUNTA(A93:A100) -> 1
A104: Branch (decision) coverage | D104: =(COUNTIFS(D81:D90,"T",O81:O90,"Covered")+COUNTIFS(D81:D90,"F",O81:O90,"Covered"))/(COUNTIF(D81:D90,"T")+COUNTIF(D81:D90,"F")) -> 1
A105: Edge (path) coverage | D105: =COUNTIF(O81:O90,"Covered")/COUNTA(A81:A90) -> 1
A106: Tests passed | D106: =COUNTIF(G69:G77,"Pass")&" / "&COUNTA(A69:A77) -> 9 / 9

Sheet M3_Marking
A1: Module 3: Attendance Marking
A2: Module under test: count_attendance(statuses) | Technique: basis path testing with control flow graph
A4: Rules (assumed): each status code is P (present) = 1 credit, L (late) = 0.5 credit, anything else (A, absent) = 0.
A5: Returns the total credit as a number.
A6: Features tested: loop, if / elif chain inside the loop, join node (i += 1), empty-list path.
A8: 1. Source code with CFG node mapping
A9: Line | B9: Source code | C9: Node
A10: 1 | B10: def count_attendance(statuses): | C10: -
A11: 2 | B11: present = 0 | C11: N1
A12: 3 | B12: i = 0 | C12: N1
A13: 4 | B13: while i < len(statuses): | C13: N2
A14: 5 | B14: s = statuses[i] | C14: N3
A15: 6 | B15: if s == 'P': | C15: N3
A16: 7 | B16: present += 1 | C16: N4
A17: 8 | B17: elif s == 'L': | C17: N5
A18: 9 | B18: present += 0.5 | C18: N6
A19: 10 | B19: i += 1 | C19: N7
A20: 11 | B20: return present | C20: N8
A34: 2. Control flow graph – node table and edge table
A35: Node | B35: Statement | C35: Type | D35: Out-deg | E35: In-deg | G35: Edge | H35: From | I35: To | J35: Label | K35: Description
A36: 1 | B36: present = 0; i = 0 | C36: Start | D36: =COUNTIF($H$36:$H$46,A36) -> 1 | E36: =COUNTIF($I$36:$I$46,A36) -> 0 | G36: E1 | H36: 1 | I36: 2 | J36: - | K36: init → loop test
A37: 2 | B37: while i < len(statuses) | C37: Decision | D37: =COUNTIF($H$36:$H$46,A37) -> 2 | E37: =COUNTIF($I$36:$I$46,A37) -> 2 | G37: E2 | H37: 2 | I37: 3 | J37: T | K37: status left to read
A38: 3 | B38: s = statuses[i]; s == 'P' ? | C38: Decision | D38: =COUNTIF($H$36:$H$46,A38) -> 2 | E38: =COUNTIF($I$36:$I$46,A38) -> 1 | G38: E3 | H38: 2 | I38: 8 | J38: F | K38: all statuses read
A39: 4 | B39: present += 1 | C39: Process | D39: =COUNTIF($H$36:$H$46,A39) -> 1 | E39: =COUNTIF($I$36:$I$46,A39) -> 1 | G39: E4 | H39: 3 | I39: 4 | J39: T | K39: present
A40: 5 | B40: s == 'L' ? | C40: Decision | D40: =COUNTIF($H$36:$H$46,A40) -> 2 | E40: =COUNTIF($I$36:$I$46,A40) -> 1 | G40: E5 | H40: 3 | I40: 5 | J40: F | K40: not present
A41: 6 | B41: present += 0.5 | C41: Process | D41: =COUNTIF($H$36:$H$46,A41) -> 1 | E41: =COUNTIF($I$36:$I$46,A41) -> 1 | G41: E6 | H41: 4 | I41: 7 | J41: - | K41: to next status
A42: 7 | B42: i += 1 (join) | C42: Process | D42: =COUNTIF($H$36:$H$46,A42) -> 1 | E42: =COUNTIF($I$36:$I$46,A42) -> 3 | G42: E7 | H42: 5 | I42: 6 | J42: T | K42: late
A43: 8 | B43: return present | C43: Process | D43: =COUNTIF($H$36:$H$46,A43) -> 1 | E43: =COUNTIF($I$36:$I$46,A43) -> 1 | G43: E8 | H43: 5 | I43: 7 | J43: F | K43: absent
A44: 9 | B44: exit | C44: Exit | D44: =COUNTIF($H$36:$H$46,A44) -> 0 | E44: =COUNTIF($I$36:$I$46,A44) -> 1 | G44: E9 | H44: 6 | I44: 7 | J44: - | K44: to next status
G45: E10 | H45: 7 | I45: 2 | J45: - | K45: loop back-edge
G46: E11 | H46: 8 | I46: 9 | J46: - | K46: exit
A48: 3. Cyclomatic complexity V(G)
A49: Parameter | B49: Formula / source | C49: Value
A50: Nodes (N) | B50: count of node table | C50: =COUNTA(A36:A44) -> 9
A51: Edges (E) | B51: count of edge table | C51: =COUNTA(G36:G46) -> 11
A52: Decision nodes (P) | B52: nodes of type Decision | C52: =COUNTIF(C36:C44,"Decision") -> 3
A53: V(G) – method 1 | B53: E − N + 2 | C53: =C51-C50+2 -> 4
A54: V(G) – method 2 | B54: P + 1 | C54: =C52+1 -> 4
A55: Methods agree? | B55: method 1 = method 2 | C55: =IF(C53=C54,"Yes","MISMATCH") -> Yes
A56: Cyclomatic complexity V(G) | B56: minimum number of tests required | C56: =C53 -> 4
A57: Rating | B57: 1-10 simple, 11-20 moderate, 21-50 complex, >50 unstable | C57: =IF(C56<=10,"Simple",IF(C56<=20,"Moderate",IF(C56<=50,"Complex","Unstable"))) -> Simple
A59: 4. Independent (basis) paths – baseline path, then flip one decision at a time
A60: Path | B60: Derivation | C60: Type | D60: Feasible? | E60: Node sequence | K60: Notes
A61: P1 | B61: Baseline: one status, present | C61: Basis | D61: Yes | E61: 1-2-3-4-7-2-8-9 | K61: Single status
A62: P2 | B62: Flip N2: no statuses | C62: Basis | D62: Yes | E62: 1-2-8-9 | K62: Empty list
A63: P3 | B63: Flip N3: status is not P, absent | C63: Basis | D63: Yes | E63: 1-2-3-5-7-2-8-9 | K63: Single status
A64: P4 | B64: Flip N5: status is L | C64: Basis | D64: Yes | E64: 1-2-3-5-6-7-2-8-9 | K64: Single status
A65: P5 | B65: P, then L, then A | C65: Supplementary | D65: Yes | E65: 1-2-3-4-7-2-3-5-6-7-2-3-5-7-2-8-9 | K65: Loop three times
A66: P6 | B66: P, then P | C66: Supplementary | D66: Yes | E66: 1-2-3-4-7-2-3-4-7-2-8-9 | K66: Loop twice
A67: P7 | B67: L, then P | C67: Supplementary | D67: Yes | E67: 1-2-3-5-6-7-2-3-4-7-2-8-9 | K67: Loop twice
A68: P8 | B68: P, then A | C68: Supplementary | D68: Yes | E68: 1-2-3-4-7-2-3-5-7-2-8-9 | K68: Loop twice
A69: Basis paths identified | D69: =COUNTIF(C61:C68,"Basis") -> 4 | E69: =IF(D69=C56,"= V(G) ✔","≠ V(G)") -> = V(G) ✔
A70: Infeasible paths | D70: =COUNTIF(D61:D68,"No") -> 0
A72: 5. Test cases (yellow / blue = editable inputs; Actual output obtained by running the code)
A73: TC ID | B73: Test objective | C73: Path | D73: Input | E73: Expected | F73: Actual | G73: Status | H73: Path nodes (lookup)
A74: TC01 | B74: Single present | C74: P1 | D74: statuses=[P] | E74: 1 | F74: 1 | G74: =IF(F74="","Not run",IF(F74=E74,"Pass","Fail")) -> Pass | H74: =INDEX($E$61:$E$68,MATCH(C74,$A$61:$A$68,0)) -> 1-2-3-4-7-2-8-9
A75: TC02 | B75: No statuses recorded | C75: P2 | D75: statuses=[] | E75: 0 | F75: 0 | G75: =IF(F75="","Not run",IF(F75=E75,"Pass","Fail")) -> Pass | H75: =INDEX($E$61:$E$68,MATCH(C75,$A$61:$A$68,0)) -> 1-2-8-9
A76: TC03 | B76: Single absent | C76: P3 | D76: statuses=[A] | E76: 0 | F76: 0 | G76: =IF(F76="","Not run",IF(F76=E76,"Pass","Fail")) -> Pass | H76: =INDEX($E$61:$E$68,MATCH(C76,$A$61:$A$68,0)) -> 1-2-3-5-7-2-8-9
A77: TC04 | B77: Single late | C77: P4 | D77: statuses=[L] | E77: 0.5 | F77: 0.5 | G77: =IF(F77="","Not run",IF(F77=E77,"Pass","Fail")) -> Pass | H77: =INDEX($E$61:$E$68,MATCH(C77,$A$61:$A$68,0)) -> 1-2-3-5-6-7-2-8-9
A78: TC05 | B78: Mixed P, L, A | C78: P5 | D78: statuses=[P, L, A] | E78: 1.5 | F78: 1.5 | G78: =IF(F78="","Not run",IF(F78=E78,"Pass","Fail")) -> Pass | H78: =INDEX($E$61:$E$68,MATCH(C78,$A$61:$A$68,0)) -> 1-2-3-4-7-2-3-5-6-7-2-3-5-7-2-8-9
A79: TC06 | B79: Two present | C79: P6 | D79: statuses=[P, P] | E79: 2 | F79: 2 | G79: =IF(F79="","Not run",IF(F79=E79,"Pass","Fail")) -> Pass | H79: =INDEX($E$61:$E$68,MATCH(C79,$A$61:$A$68,0)) -> 1-2-3-4-7-2-3-4-7-2-8-9
A80: TC07 | B80: Late then present | C80: P7 | D80: statuses=[L, P] | E80: 1.5 | F80: 1.5 | G80: =IF(F80="","Not run",IF(F80=E80,"Pass","Fail")) -> Pass | H80: =INDEX($E$61:$E$68,MATCH(C80,$A$61:$A$68,0)) -> 1-2-3-5-6-7-2-3-4-7-2-8-9
A81: TC08 | B81: Present then absent | C81: P8 | D81: statuses=[P, A] | E81: 1 | F81: 1 | G81: =IF(F81="","Not run",IF(F81=E81,"Pass","Fail")) -> Pass | H81: =INDEX($E$61:$E$68,MATCH(C81,$A$61:$A$68,0)) -> 1-2-3-4-7-2-3-5-7-2-8-9
A83: 6. Coverage (1 = node / edge traversed by the test's path)
A84: Edge | B84: From | C84: To | D84: Label | E84: TC01 | F84: TC02 | G84: TC03 | H84: TC04 | I84: TC05 | J84: TC06 | K84: TC07 | L84: TC08 | M84: Hits | N84: Status
A85: =G36 -> E1 | B85: =H36 -> 1 | C85: =I36 -> 2 | D85: =J36 -> - | E85: =IF(ISNUMBER(SEARCH("-"&$B85&"-"&$C85&"-","-"&INDEX($H$74:$H$81,MATCH(E$84,$A$74:$A$81,0))&"-")),1,0) -> 1 | F85: =IF(ISNUMBER(SEARCH("-"&$B85&"-"&$C85&"-","-"&INDEX($H$74:$H$81,MATCH(F$84,$A$74:$A$81,0))&"-")),1,0) -> 1 | G85: =IF(ISNUMBER(SEARCH("-"&$B85&"-"&$C85&"-","-"&INDEX($H$74:$H$81,MATCH(G$84,$A$74:$A$81,0))&"-")),1,0) -> 1 | H85: =IF(ISNUMBER(SEARCH("-"&$B85&"-"&$C85&"-","-"&INDEX($H$74:$H$81,MATCH(H$84,$A$74:$A$81,0))&"-")),1,0) -> 1 | I85: =IF(ISNUMBER(SEARCH("-"&$B85&"-"&$C85&"-","-"&INDEX($H$74:$H$81,MATCH(I$84,$A$74:$A$81,0))&"-")),1,0) -> 1 | J85: =IF(ISNUMBER(SEARCH("-"&$B85&"-"&$C85&"-","-"&INDEX($H$74:$H$81,MATCH(J$84,$A$74:$A$81,0))&"-")),1,0) -> 1 | K85: =IF(ISNUMBER(SEARCH("-"&$B85&"-"&$C85&"-","-"&INDEX($H$74:$H$81,MATCH(K$84,$A$74:$A$81,0))&"-")),1,0) -> 1 | L85: =IF(ISNUMBER(SEARCH("-"&$B85&"-"&$C85&"-","-"&INDEX($H$74:$H$81,MATCH(L$84,$A$74:$A$81,0))&"-")),1,0) -> 1 | M85: =SUM(E85:L85) -> 8 | N85: =IF(M85>0,"Covered","NOT covered") -> Covered
A86: =G37 -> E2 | B86: =H37 -> 2 | C86: =I37 -> 3 | D86: =J37 -> T | E86: =IF(ISNUMBER(SEARCH("-"&$B86&"-"&$C86&"-","-"&INDEX($H$74:$H$81,MATCH(E$84,$A$74:$A$81,0))&"-")),1,0) -> 1 | F86: =IF(ISNUMBER(SEARCH("-"&$B86&"-"&$C86&"-","-"&INDEX($H$74:$H$81,MATCH(F$84,$A$74:$A$81,0))&"-")),1,0) -> 0 | G86: =IF(ISNUMBER(SEARCH("-"&$B86&"-"&$C86&"-","-"&INDEX($H$74:$H$81,MATCH(G$84,$A$74:$A$81,0))&"-")),1,0) -> 1 | H86: =IF(ISNUMBER(SEARCH("-"&$B86&"-"&$C86&"-","-"&INDEX($H$74:$H$81,MATCH(H$84,$A$74:$A$81,0))&"-")),1,0) -> 1 | I86: =IF(ISNUMBER(SEARCH("-"&$B86&"-"&$C86&"-","-"&INDEX($H$74:$H$81,MATCH(I$84,$A$74:$A$81,0))&"-")),1,0) -> 1 | J86: =IF(ISNUMBER(SEARCH("-"&$B86&"-"&$C86&"-","-"&INDEX($H$74:$H$81,MATCH(J$84,$A$74:$A$81,0))&"-")),1,0) -> 1 | K86: =IF(ISNUMBER(SEARCH("-"&$B86&"-"&$C86&"-","-"&INDEX($H$74:$H$81,MATCH(K$84,$A$74:$A$81,0))&"-")),1,0) -> 1 | L86: =IF(ISNUMBER(SEARCH("-"&$B86&"-"&$C86&"-","-"&INDEX($H$74:$H$81,MATCH(L$84,$A$74:$A$81,0))&"-")),1,0) -> 1 | M86: =SUM(E86:L86) -> 7 | N86: =IF(M86>0,"Covered","NOT covered") -> Covered
A87: =G38 -> E3 | B87: =H38 -> 2 | C87: =I38 -> 8 | D87: =J38 -> F | E87: =IF(ISNUMBER(SEARCH("-"&$B87&"-"&$C87&"-","-"&INDEX($H$74:$H$81,MATCH(E$84,$A$74:$A$81,0))&"-")),1,0) -> 1 | F87: =IF(ISNUMBER(SEARCH("-"&$B87&"-"&$C87&"-","-"&INDEX($H$74:$H$81,MATCH(F$84,$A$74:$A$81,0))&"-")),1,0) -> 1 | G87: =IF(ISNUMBER(SEARCH("-"&$B87&"-"&$C87&"-","-"&INDEX($H$74:$H$81,MATCH(G$84,$A$74:$A$81,0))&"-")),1,0) -> 1 | H87: =IF(ISNUMBER(SEARCH("-"&$B87&"-"&$C87&"-","-"&INDEX($H$74:$H$81,MATCH(H$84,$A$74:$A$81,0))&"-")),1,0) -> 1 | I87: =IF(ISNUMBER(SEARCH("-"&$B87&"-"&$C87&"-","-"&INDEX($H$74:$H$81,MATCH(I$84,$A$74:$A$81,0))&"-")),1,0) -> 1 | J87: =IF(ISNUMBER(SEARCH("-"&$B87&"-"&$C87&"-","-"&INDEX($H$74:$H$81,MATCH(J$84,$A$74:$A$81,0))&"-")),1,0) -> 1 | K87: =IF(ISNUMBER(SEARCH("-"&$B87&"-"&$C87&"-","-"&INDEX($H$74:$H$81,MATCH(K$84,$A$74:$A$81,0))&"-")),1,0) -> 1 | L87: =IF(ISNUMBER(SEARCH("-"&$B87&"-"&$C87&"-","-"&INDEX($H$74:$H$81,MATCH(L$84,$A$74:$A$81,0))&"-")),1,0) -> 1 | M87: =SUM(E87:L87) -> 8 | N87: =IF(M87>0,"Covered","NOT covered") -> Covered
A88: =G39 -> E4 | B88: =H39 -> 3 | C88: =I39 -> 4 | D88: =J39 -> T | E88: =IF(ISNUMBER(SEARCH("-"&$B88&"-"&$C88&"-","-"&INDEX($H$74:$H$81,MATCH(E$84,$A$74:$A$81,0))&"-")),1,0) -> 1 | F88: =IF(ISNUMBER(SEARCH("-"&$B88&"-"&$C88&"-","-"&INDEX($H$74:$H$81,MATCH(F$84,$A$74:$A$81,0))&"-")),1,0) -> 0 | G88: =IF(ISNUMBER(SEARCH("-"&$B88&"-"&$C88&"-","-"&INDEX($H$74:$H$81,MATCH(G$84,$A$74:$A$81,0))&"-")),1,0) -> 0 | H88: =IF(ISNUMBER(SEARCH("-"&$B88&"-"&$C88&"-","-"&INDEX($H$74:$H$81,MATCH(H$84,$A$74:$A$81,0))&"-")),1,0) -> 0 | I88: =IF(ISNUMBER(SEARCH("-"&$B88&"-"&$C88&"-","-"&INDEX($H$74:$H$81,MATCH(I$84,$A$74:$A$81,0))&"-")),1,0) -> 1 | J88: =IF(ISNUMBER(SEARCH("-"&$B88&"-"&$C88&"-","-"&INDEX($H$74:$H$81,MATCH(J$84,$A$74:$A$81,0))&"-")),1,0) -> 1 | K88: =IF(ISNUMBER(SEARCH("-"&$B88&"-"&$C88&"-","-"&INDEX($H$74:$H$81,MATCH(K$84,$A$74:$A$81,0))&"-")),1,0) -> 1 | L88: =IF(ISNUMBER(SEARCH("-"&$B88&"-"&$C88&"-","-"&INDEX($H$74:$H$81,MATCH(L$84,$A$74:$A$81,0))&"-")),1,0) -> 1 | M88: =SUM(E88:L88) -> 5 | N88: =IF(M88>0,"Covered","NOT covered") -> Covered
A89: =G40 -> E5 | B89: =H40 -> 3 | C89: =I40 -> 5 | D89: =J40 -> F | E89: =IF(ISNUMBER(SEARCH("-"&$B89&"-"&$C89&"-","-"&INDEX($H$74:$H$81,MATCH(E$84,$A$74:$A$81,0))&"-")),1,0) -> 0 | F89: =IF(ISNUMBER(SEARCH("-"&$B89&"-"&$C89&"-","-"&INDEX($H$74:$H$81,MATCH(F$84,$A$74:$A$81,0))&"-")),1,0) -> 0 | G89: =IF(ISNUMBER(SEARCH("-"&$B89&"-"&$C89&"-","-"&INDEX($H$74:$H$81,MATCH(G$84,$A$74:$A$81,0))&"-")),1,0) -> 1 | H89: =IF(ISNUMBER(SEARCH("-"&$B89&"-"&$C89&"-","-"&INDEX($H$74:$H$81,MATCH(H$84,$A$74:$A$81,0))&"-")),1,0) -> 1 | I89: =IF(ISNUMBER(SEARCH("-"&$B89&"-"&$C89&"-","-"&INDEX($H$74:$H$81,MATCH(I$84,$A$74:$A$81,0))&"-")),1,0) -> 1 | J89: =IF(ISNUMBER(SEARCH("-"&$B89&"-"&$C89&"-","-"&INDEX($H$74:$H$81,MATCH(J$84,$A$74:$A$81,0))&"-")),1,0) -> 0 | K89: =IF(ISNUMBER(SEARCH("-"&$B89&"-"&$C89&"-","-"&INDEX($H$74:$H$81,MATCH(K$84,$A$74:$A$81,0))&"-")),1,0) -> 1 | L89: =IF(ISNUMBER(SEARCH("-"&$B89&"-"&$C89&"-","-"&INDEX($H$74:$H$81,MATCH(L$84,$A$74:$A$81,0))&"-")),1,0) -> 1 | M89: =SUM(E89:L89) -> 5 | N89: =IF(M89>0,"Covered","NOT covered") -> Covered
A90: =G41 -> E6 | B90: =H41 -> 4 | C90: =I41 -> 7 | D90: =J41 -> - | E90: =IF(ISNUMBER(SEARCH("-"&$B90&"-"&$C90&"-","-"&INDEX($H$74:$H$81,MATCH(E$84,$A$74:$A$81,0))&"-")),1,0) -> 1 | F90: =IF(ISNUMBER(SEARCH("-"&$B90&"-"&$C90&"-","-"&INDEX($H$74:$H$81,MATCH(F$84,$A$74:$A$81,0))&"-")),1,0) -> 0 | G90: =IF(ISNUMBER(SEARCH("-"&$B90&"-"&$C90&"-","-"&INDEX($H$74:$H$81,MATCH(G$84,$A$74:$A$81,0))&"-")),1,0) -> 0 | H90: =IF(ISNUMBER(SEARCH("-"&$B90&"-"&$C90&"-","-"&INDEX($H$74:$H$81,MATCH(H$84,$A$74:$A$81,0))&"-")),1,0) -> 0 | I90: =IF(ISNUMBER(SEARCH("-"&$B90&"-"&$C90&"-","-"&INDEX($H$74:$H$81,MATCH(I$84,$A$74:$A$81,0))&"-")),1,0) -> 1 | J90: =IF(ISNUMBER(SEARCH("-"&$B90&"-"&$C90&"-","-"&INDEX($H$74:$H$81,MATCH(J$84,$A$74:$A$81,0))&"-")),1,0) -> 1 | K90: =IF(ISNUMBER(SEARCH("-"&$B90&"-"&$C90&"-","-"&INDEX($H$74:$H$81,MATCH(K$84,$A$74:$A$81,0))&"-")),1,0) -> 1 | L90: =IF(ISNUMBER(SEARCH("-"&$B90&"-"&$C90&"-","-"&INDEX($H$74:$H$81,MATCH(L$84,$A$74:$A$81,0))&"-")),1,0) -> 1 | M90: =SUM(E90:L90) -> 5 | N90: =IF(M90>0,"Covered","NOT covered") -> Covered
A91: =G42 -> E7 | B91: =H42 -> 5 | C91: =I42 -> 6 | D91: =J42 -> T | E91: =IF(ISNUMBER(SEARCH("-"&$B91&"-"&$C91&"-","-"&INDEX($H$74:$H$81,MATCH(E$84,$A$74:$A$81,0))&"-")),1,0) -> 0 | F91: =IF(ISNUMBER(SEARCH("-"&$B91&"-"&$C91&"-","-"&INDEX($H$74:$H$81,MATCH(F$84,$A$74:$A$81,0))&"-")),1,0) -> 0 | G91: =IF(ISNUMBER(SEARCH("-"&$B91&"-"&$C91&"-","-"&INDEX($H$74:$H$81,MATCH(G$84,$A$74:$A$81,0))&"-")),1,0) -> 0 | H91: =IF(ISNUMBER(SEARCH("-"&$B91&"-"&$C91&"-","-"&INDEX($H$74:$H$81,MATCH(H$84,$A$74:$A$81,0))&"-")),1,0) -> 1 | I91: =IF(ISNUMBER(SEARCH("-"&$B91&"-"&$C91&"-","-"&INDEX($H$74:$H$81,MATCH(I$84,$A$74:$A$81,0))&"-")),1,0) -> 1 | J91: =IF(ISNUMBER(SEARCH("-"&$B91&"-"&$C91&"-","-"&INDEX($H$74:$H$81,MATCH(J$84,$A$74:$A$81,0))&"-")),1,0) -> 0 | K91: =IF(ISNUMBER(SEARCH("-"&$B91&"-"&$C91&"-","-"&INDEX($H$74:$H$81,MATCH(K$84,$A$74:$A$81,0))&"-")),1,0) -> 1 | L91: =IF(ISNUMBER(SEARCH("-"&$B91&"-"&$C91&"-","-"&INDEX($H$74:$H$81,MATCH(L$84,$A$74:$A$81,0))&"-")),1,0) -> 0 | M91: =SUM(E91:L91) -> 3 | N91: =IF(M91>0,"Covered","NOT covered") -> Covered
A92: =G43 -> E8 | B92: =H43 -> 5 | C92: =I43 -> 7 | D92: =J43 -> F | E92: =IF(ISNUMBER(SEARCH("-"&$B92&"-"&$C92&"-","-"&INDEX($H$74:$H$81,MATCH(E$84,$A$74:$A$81,0))&"-")),1,0) -> 0 | F92: =IF(ISNUMBER(SEARCH("-"&$B92&"-"&$C92&"-","-"&INDEX($H$74:$H$81,MATCH(F$84,$A$74:$A$81,0))&"-")),1,0) -> 0 | G92: =IF(ISNUMBER(SEARCH("-"&$B92&"-"&$C92&"-","-"&INDEX($H$74:$H$81,MATCH(G$84,$A$74:$A$81,0))&"-")),1,0) -> 1 | H92: =IF(ISNUMBER(SEARCH("-"&$B92&"-"&$C92&"-","-"&INDEX($H$74:$H$81,MATCH(H$84,$A$74:$A$81,0))&"-")),1,0) -> 0 | I92: =IF(ISNUMBER(SEARCH("-"&$B92&"-"&$C92&"-","-"&INDEX($H$74:$H$81,MATCH(I$84,$A$74:$A$81,0))&"-")),1,0) -> 1 | J92: =IF(ISNUMBER(SEARCH("-"&$B92&"-"&$C92&"-","-"&INDEX($H$74:$H$81,MATCH(J$84,$A$74:$A$81,0))&"-")),1,0) -> 0 | K92: =IF(ISNUMBER(SEARCH("-"&$B92&"-"&$C92&"-","-"&INDEX($H$74:$H$81,MATCH(K$84,$A$74:$A$81,0))&"-")),1,0) -> 0 | L92: =IF(ISNUMBER(SEARCH("-"&$B92&"-"&$C92&"-","-"&INDEX($H$74:$H$81,MATCH(L$84,$A$74:$A$81,0))&"-")),1,0) -> 1 | M92: =SUM(E92:L92) -> 3 | N92: =IF(M92>0,"Covered","NOT covered") -> Covered
A93: =G44 -> E9 | B93: =H44 -> 6 | C93: =I44 -> 7 | D93: =J44 -> - | E93: =IF(ISNUMBER(SEARCH("-"&$B93&"-"&$C93&"-","-"&INDEX($H$74:$H$81,MATCH(E$84,$A$74:$A$81,0))&"-")),1,0) -> 0 | F93: =IF(ISNUMBER(SEARCH("-"&$B93&"-"&$C93&"-","-"&INDEX($H$74:$H$81,MATCH(F$84,$A$74:$A$81,0))&"-")),1,0) -> 0 | G93: =IF(ISNUMBER(SEARCH("-"&$B93&"-"&$C93&"-","-"&INDEX($H$74:$H$81,MATCH(G$84,$A$74:$A$81,0))&"-")),1,0) -> 0 | H93: =IF(ISNUMBER(SEARCH("-"&$B93&"-"&$C93&"-","-"&INDEX($H$74:$H$81,MATCH(H$84,$A$74:$A$81,0))&"-")),1,0) -> 1 | I93: =IF(ISNUMBER(SEARCH("-"&$B93&"-"&$C93&"-","-"&INDEX($H$74:$H$81,MATCH(I$84,$A$74:$A$81,0))&"-")),1,0) -> 1 | J93: =IF(ISNUMBER(SEARCH("-"&$B93&"-"&$C93&"-","-"&INDEX($H$74:$H$81,MATCH(J$84,$A$74:$A$81,0))&"-")),1,0) -> 0 | K93: =IF(ISNUMBER(SEARCH("-"&$B93&"-"&$C93&"-","-"&INDEX($H$74:$H$81,MATCH(K$84,$A$74:$A$81,0))&"-")),1,0) -> 1 | L93: =IF(ISNUMBER(SEARCH("-"&$B93&"-"&$C93&"-","-"&INDEX($H$74:$H$81,MATCH(L$84,$A$74:$A$81,0))&"-")),1,0) -> 0 | M93: =SUM(E93:L93) -> 3 | N93: =IF(M93>0,"Covered","NOT covered") -> Covered
A94: =G45 -> E10 | B94: =H45 -> 7 | C94: =I45 -> 2 | D94: =J45 -> - | E94: =IF(ISNUMBER(SEARCH("-"&$B94&"-"&$C94&"-","-"&INDEX($H$74:$H$81,MATCH(E$84,$A$74:$A$81,0))&"-")),1,0) -> 1 | F94: =IF(ISNUMBER(SEARCH("-"&$B94&"-"&$C94&"-","-"&INDEX($H$74:$H$81,MATCH(F$84,$A$74:$A$81,0))&"-")),1,0) -> 0 | G94: =IF(ISNUMBER(SEARCH("-"&$B94&"-"&$C94&"-","-"&INDEX($H$74:$H$81,MATCH(G$84,$A$74:$A$81,0))&"-")),1,0) -> 1 | H94: =IF(ISNUMBER(SEARCH("-"&$B94&"-"&$C94&"-","-"&INDEX($H$74:$H$81,MATCH(H$84,$A$74:$A$81,0))&"-")),1,0) -> 1 | I94: =IF(ISNUMBER(SEARCH("-"&$B94&"-"&$C94&"-","-"&INDEX($H$74:$H$81,MATCH(I$84,$A$74:$A$81,0))&"-")),1,0) -> 1 | J94: =IF(ISNUMBER(SEARCH("-"&$B94&"-"&$C94&"-","-"&INDEX($H$74:$H$81,MATCH(J$84,$A$74:$A$81,0))&"-")),1,0) -> 1 | K94: =IF(ISNUMBER(SEARCH("-"&$B94&"-"&$C94&"-","-"&INDEX($H$74:$H$81,MATCH(K$84,$A$74:$A$81,0))&"-")),1,0) -> 1 | L94: =IF(ISNUMBER(SEARCH("-"&$B94&"-"&$C94&"-","-"&INDEX($H$74:$H$81,MATCH(L$84,$A$74:$A$81,0))&"-")),1,0) -> 1 | M94: =SUM(E94:L94) -> 7 | N94: =IF(M94>0,"Covered","NOT covered") -> Covered
A95: =G46 -> E11 | B95: =H46 -> 8 | C95: =I46 -> 9 | D95: =J46 -> - | E95: =IF(ISNUMBER(SEARCH("-"&$B95&"-"&$C95&"-","-"&INDEX($H$74:$H$81,MATCH(E$84,$A$74:$A$81,0))&"-")),1,0) -> 1 | F95: =IF(ISNUMBER(SEARCH("-"&$B95&"-"&$C95&"-","-"&INDEX($H$74:$H$81,MATCH(F$84,$A$74:$A$81,0))&"-")),1,0) -> 1 | G95: =IF(ISNUMBER(SEARCH("-"&$B95&"-"&$C95&"-","-"&INDEX($H$74:$H$81,MATCH(G$84,$A$74:$A$81,0))&"-")),1,0) -> 1 | H95: =IF(ISNUMBER(SEARCH("-"&$B95&"-"&$C95&"-","-"&INDEX($H$74:$H$81,MATCH(H$84,$A$74:$A$81,0))&"-")),1,0) -> 1 | I95: =IF(ISNUMBER(SEARCH("-"&$B95&"-"&$C95&"-","-"&INDEX($H$74:$H$81,MATCH(I$84,$A$74:$A$81,0))&"-")),1,0) -> 1 | J95: =IF(ISNUMBER(SEARCH("-"&$B95&"-"&$C95&"-","-"&INDEX($H$74:$H$81,MATCH(J$84,$A$74:$A$81,0))&"-")),1,0) -> 1 | K95: =IF(ISNUMBER(SEARCH("-"&$B95&"-"&$C95&"-","-"&INDEX($H$74:$H$81,MATCH(K$84,$A$74:$A$81,0))&"-")),1,0) -> 1 | L95: =IF(ISNUMBER(SEARCH("-"&$B95&"-"&$C95&"-","-"&INDEX($H$74:$H$81,MATCH(L$84,$A$74:$A$81,0))&"-")),1,0) -> 1 | M95: =SUM(E95:L95) -> 8 | N95: =IF(M95>0,"Covered","NOT covered") -> Covered
A97: Node | B97: Type | E97: TC01 | F97: TC02 | G97: TC03 | H97: TC04 | I97: TC05 | J97: TC06 | K97: TC07 | L97: TC08 | M97: Hits | N97: Status
A98: =A36 -> 1 | B98: =C36 -> Start | E98: =IF(ISNUMBER(SEARCH("-"&$A98&"-","-"&INDEX($H$74:$H$81,MATCH(E$97,$A$74:$A$81,0))&"-")),1,0) -> 1 | F98: =IF(ISNUMBER(SEARCH("-"&$A98&"-","-"&INDEX($H$74:$H$81,MATCH(F$97,$A$74:$A$81,0))&"-")),1,0) -> 1 | G98: =IF(ISNUMBER(SEARCH("-"&$A98&"-","-"&INDEX($H$74:$H$81,MATCH(G$97,$A$74:$A$81,0))&"-")),1,0) -> 1 | H98: =IF(ISNUMBER(SEARCH("-"&$A98&"-","-"&INDEX($H$74:$H$81,MATCH(H$97,$A$74:$A$81,0))&"-")),1,0) -> 1 | I98: =IF(ISNUMBER(SEARCH("-"&$A98&"-","-"&INDEX($H$74:$H$81,MATCH(I$97,$A$74:$A$81,0))&"-")),1,0) -> 1 | J98: =IF(ISNUMBER(SEARCH("-"&$A98&"-","-"&INDEX($H$74:$H$81,MATCH(J$97,$A$74:$A$81,0))&"-")),1,0) -> 1 | K98: =IF(ISNUMBER(SEARCH("-"&$A98&"-","-"&INDEX($H$74:$H$81,MATCH(K$97,$A$74:$A$81,0))&"-")),1,0) -> 1 | L98: =IF(ISNUMBER(SEARCH("-"&$A98&"-","-"&INDEX($H$74:$H$81,MATCH(L$97,$A$74:$A$81,0))&"-")),1,0) -> 1 | M98: =SUM(E98:L98) -> 8 | N98: =IF(M98>0,"Covered","NOT covered") -> Covered
A99: =A37 -> 2 | B99: =C37 -> Decision | E99: =IF(ISNUMBER(SEARCH("-"&$A99&"-","-"&INDEX($H$74:$H$81,MATCH(E$97,$A$74:$A$81,0))&"-")),1,0) -> 1 | F99: =IF(ISNUMBER(SEARCH("-"&$A99&"-","-"&INDEX($H$74:$H$81,MATCH(F$97,$A$74:$A$81,0))&"-")),1,0) -> 1 | G99: =IF(ISNUMBER(SEARCH("-"&$A99&"-","-"&INDEX($H$74:$H$81,MATCH(G$97,$A$74:$A$81,0))&"-")),1,0) -> 1 | H99: =IF(ISNUMBER(SEARCH("-"&$A99&"-","-"&INDEX($H$74:$H$81,MATCH(H$97,$A$74:$A$81,0))&"-")),1,0) -> 1 | I99: =IF(ISNUMBER(SEARCH("-"&$A99&"-","-"&INDEX($H$74:$H$81,MATCH(I$97,$A$74:$A$81,0))&"-")),1,0) -> 1 | J99: =IF(ISNUMBER(SEARCH("-"&$A99&"-","-"&INDEX($H$74:$H$81,MATCH(J$97,$A$74:$A$81,0))&"-")),1,0) -> 1 | K99: =IF(ISNUMBER(SEARCH("-"&$A99&"-","-"&INDEX($H$74:$H$81,MATCH(K$97,$A$74:$A$81,0))&"-")),1,0) -> 1 | L99: =IF(ISNUMBER(SEARCH("-"&$A99&"-","-"&INDEX($H$74:$H$81,MATCH(L$97,$A$74:$A$81,0))&"-")),1,0) -> 1 | M99: =SUM(E99:L99) -> 8 | N99: =IF(M99>0,"Covered","NOT covered") -> Covered
A100: =A38 -> 3 | B100: =C38 -> Decision | E100: =IF(ISNUMBER(SEARCH("-"&$A100&"-","-"&INDEX($H$74:$H$81,MATCH(E$97,$A$74:$A$81,0))&"-")),1,0) -> 1 | F100: =IF(ISNUMBER(SEARCH("-"&$A100&"-","-"&INDEX($H$74:$H$81,MATCH(F$97,$A$74:$A$81,0))&"-")),1,0) -> 0 | G100: =IF(ISNUMBER(SEARCH("-"&$A100&"-","-"&INDEX($H$74:$H$81,MATCH(G$97,$A$74:$A$81,0))&"-")),1,0) -> 1 | H100: =IF(ISNUMBER(SEARCH("-"&$A100&"-","-"&INDEX($H$74:$H$81,MATCH(H$97,$A$74:$A$81,0))&"-")),1,0) -> 1 | I100: =IF(ISNUMBER(SEARCH("-"&$A100&"-","-"&INDEX($H$74:$H$81,MATCH(I$97,$A$74:$A$81,0))&"-")),1,0) -> 1 | J100: =IF(ISNUMBER(SEARCH("-"&$A100&"-","-"&INDEX($H$74:$H$81,MATCH(J$97,$A$74:$A$81,0))&"-")),1,0) -> 1 | K100: =IF(ISNUMBER(SEARCH("-"&$A100&"-","-"&INDEX($H$74:$H$81,MATCH(K$97,$A$74:$A$81,0))&"-")),1,0) -> 1 | L100: =IF(ISNUMBER(SEARCH("-"&$A100&"-","-"&INDEX($H$74:$H$81,MATCH(L$97,$A$74:$A$81,0))&"-")),1,0) -> 1 | M100: =SUM(E100:L100) -> 7 | N100: =IF(M100>0,"Covered","NOT covered") -> Covered
A101: =A39 -> 4 | B101: =C39 -> Process | E101: =IF(ISNUMBER(SEARCH("-"&$A101&"-","-"&INDEX($H$74:$H$81,MATCH(E$97,$A$74:$A$81,0))&"-")),1,0) -> 1 | F101: =IF(ISNUMBER(SEARCH("-"&$A101&"-","-"&INDEX($H$74:$H$81,MATCH(F$97,$A$74:$A$81,0))&"-")),1,0) -> 0 | G101: =IF(ISNUMBER(SEARCH("-"&$A101&"-","-"&INDEX($H$74:$H$81,MATCH(G$97,$A$74:$A$81,0))&"-")),1,0) -> 0 | H101: =IF(ISNUMBER(SEARCH("-"&$A101&"-","-"&INDEX($H$74:$H$81,MATCH(H$97,$A$74:$A$81,0))&"-")),1,0) -> 0 | I101: =IF(ISNUMBER(SEARCH("-"&$A101&"-","-"&INDEX($H$74:$H$81,MATCH(I$97,$A$74:$A$81,0))&"-")),1,0) -> 1 | J101: =IF(ISNUMBER(SEARCH("-"&$A101&"-","-"&INDEX($H$74:$H$81,MATCH(J$97,$A$74:$A$81,0))&"-")),1,0) -> 1 | K101: =IF(ISNUMBER(SEARCH("-"&$A101&"-","-"&INDEX($H$74:$H$81,MATCH(K$97,$A$74:$A$81,0))&"-")),1,0) -> 1 | L101: =IF(ISNUMBER(SEARCH("-"&$A101&"-","-"&INDEX($H$74:$H$81,MATCH(L$97,$A$74:$A$81,0))&"-")),1,0) -> 1 | M101: =SUM(E101:L101) -> 5 | N101: =IF(M101>0,"Covered","NOT covered") -> Covered
A102: =A40 -> 5 | B102: =C40 -> Decision | E102: =IF(ISNUMBER(SEARCH("-"&$A102&"-","-"&INDEX($H$74:$H$81,MATCH(E$97,$A$74:$A$81,0))&"-")),1,0) -> 0 | F102: =IF(ISNUMBER(SEARCH("-"&$A102&"-","-"&INDEX($H$74:$H$81,MATCH(F$97,$A$74:$A$81,0))&"-")),1,0) -> 0 | G102: =IF(ISNUMBER(SEARCH("-"&$A102&"-","-"&INDEX($H$74:$H$81,MATCH(G$97,$A$74:$A$81,0))&"-")),1,0) -> 1 | H102: =IF(ISNUMBER(SEARCH("-"&$A102&"-","-"&INDEX($H$74:$H$81,MATCH(H$97,$A$74:$A$81,0))&"-")),1,0) -> 1 | I102: =IF(ISNUMBER(SEARCH("-"&$A102&"-","-"&INDEX($H$74:$H$81,MATCH(I$97,$A$74:$A$81,0))&"-")),1,0) -> 1 | J102: =IF(ISNUMBER(SEARCH("-"&$A102&"-","-"&INDEX($H$74:$H$81,MATCH(J$97,$A$74:$A$81,0))&"-")),1,0) -> 0 | K102: =IF(ISNUMBER(SEARCH("-"&$A102&"-","-"&INDEX($H$74:$H$81,MATCH(K$97,$A$74:$A$81,0))&"-")),1,0) -> 1 | L102: =IF(ISNUMBER(SEARCH("-"&$A102&"-","-"&INDEX($H$74:$H$81,MATCH(L$97,$A$74:$A$81,0))&"-")),1,0) -> 1 | M102: =SUM(E102:L102) -> 5 | N102: =IF(M102>0,"Covered","NOT covered") -> Covered
A103: =A41 -> 6 | B103: =C41 -> Process | E103: =IF(ISNUMBER(SEARCH("-"&$A103&"-","-"&INDEX($H$74:$H$81,MATCH(E$97,$A$74:$A$81,0))&"-")),1,0) -> 0 | F103: =IF(ISNUMBER(SEARCH("-"&$A103&"-","-"&INDEX($H$74:$H$81,MATCH(F$97,$A$74:$A$81,0))&"-")),1,0) -> 0 | G103: =IF(ISNUMBER(SEARCH("-"&$A103&"-","-"&INDEX($H$74:$H$81,MATCH(G$97,$A$74:$A$81,0))&"-")),1,0) -> 0 | H103: =IF(ISNUMBER(SEARCH("-"&$A103&"-","-"&INDEX($H$74:$H$81,MATCH(H$97,$A$74:$A$81,0))&"-")),1,0) -> 1 | I103: =IF(ISNUMBER(SEARCH("-"&$A103&"-","-"&INDEX($H$74:$H$81,MATCH(I$97,$A$74:$A$81,0))&"-")),1,0) -> 1 | J103: =IF(ISNUMBER(SEARCH("-"&$A103&"-","-"&INDEX($H$74:$H$81,MATCH(J$97,$A$74:$A$81,0))&"-")),1,0) -> 0 | K103: =IF(ISNUMBER(SEARCH("-"&$A103&"-","-"&INDEX($H$74:$H$81,MATCH(K$97,$A$74:$A$81,0))&"-")),1,0) -> 1 | L103: =IF(ISNUMBER(SEARCH("-"&$A103&"-","-"&INDEX($H$74:$H$81,MATCH(L$97,$A$74:$A$81,0))&"-")),1,0) -> 0 | M103: =SUM(E103:L103) -> 3 | N103: =IF(M103>0,"Covered","NOT covered") -> Covered
A104: =A42 -> 7 | B104: =C42 -> Process | E104: =IF(ISNUMBER(SEARCH("-"&$A104&"-","-"&INDEX($H$74:$H$81,MATCH(E$97,$A$74:$A$81,0))&"-")),1,0) -> 1 | F104: =IF(ISNUMBER(SEARCH("-"&$A104&"-","-"&INDEX($H$74:$H$81,MATCH(F$97,$A$74:$A$81,0))&"-")),1,0) -> 0 | G104: =IF(ISNUMBER(SEARCH("-"&$A104&"-","-"&INDEX($H$74:$H$81,MATCH(G$97,$A$74:$A$81,0))&"-")),1,0) -> 1 | H104: =IF(ISNUMBER(SEARCH("-"&$A104&"-","-"&INDEX($H$74:$H$81,MATCH(H$97,$A$74:$A$81,0))&"-")),1,0) -> 1 | I104: =IF(ISNUMBER(SEARCH("-"&$A104&"-","-"&INDEX($H$74:$H$81,MATCH(I$97,$A$74:$A$81,0))&"-")),1,0) -> 1 | J104: =IF(ISNUMBER(SEARCH("-"&$A104&"-","-"&INDEX($H$74:$H$81,MATCH(J$97,$A$74:$A$81,0))&"-")),1,0) -> 1 | K104: =IF(ISNUMBER(SEARCH("-"&$A104&"-","-"&INDEX($H$74:$H$81,MATCH(K$97,$A$74:$A$81,0))&"-")),1,0) -> 1 | L104: =IF(ISNUMBER(SEARCH("-"&$A104&"-","-"&INDEX($H$74:$H$81,MATCH(L$97,$A$74:$A$81,0))&"-")),1,0) -> 1 | M104: =SUM(E104:L104) -> 7 | N104: =IF(M104>0,"Covered","NOT covered") -> Covered
A105: =A43 -> 8 | B105: =C43 -> Process | E105: =IF(ISNUMBER(SEARCH("-"&$A105&"-","-"&INDEX($H$74:$H$81,MATCH(E$97,$A$74:$A$81,0))&"-")),1,0) -> 1 | F105: =IF(ISNUMBER(SEARCH("-"&$A105&"-","-"&INDEX($H$74:$H$81,MATCH(F$97,$A$74:$A$81,0))&"-")),1,0) -> 1 | G105: =IF(ISNUMBER(SEARCH("-"&$A105&"-","-"&INDEX($H$74:$H$81,MATCH(G$97,$A$74:$A$81,0))&"-")),1,0) -> 1 | H105: =IF(ISNUMBER(SEARCH("-"&$A105&"-","-"&INDEX($H$74:$H$81,MATCH(H$97,$A$74:$A$81,0))&"-")),1,0) -> 1 | I105: =IF(ISNUMBER(SEARCH("-"&$A105&"-","-"&INDEX($H$74:$H$81,MATCH(I$97,$A$74:$A$81,0))&"-")),1,0) -> 1 | J105: =IF(ISNUMBER(SEARCH("-"&$A105&"-","-"&INDEX($H$74:$H$81,MATCH(J$97,$A$74:$A$81,0))&"-")),1,0) -> 1 | K105: =IF(ISNUMBER(SEARCH("-"&$A105&"-","-"&INDEX($H$74:$H$81,MATCH(K$97,$A$74:$A$81,0))&"-")),1,0) -> 1 | L105: =IF(ISNUMBER(SEARCH("-"&$A105&"-","-"&INDEX($H$74:$H$81,MATCH(L$97,$A$74:$A$81,0))&"-")),1,0) -> 1 | M105: =SUM(E105:L105) -> 8 | N105: =IF(M105>0,"Covered","NOT covered") -> Covered
A106: =A44 -> 9 | B106: =C44 -> Exit | E106: =IF(ISNUMBER(SEARCH("-"&$A106&"-","-"&INDEX($H$74:$H$81,MATCH(E$97,$A$74:$A$81,0))&"-")),1,0) -> 1 | F106: =IF(ISNUMBER(SEARCH("-"&$A106&"-","-"&INDEX($H$74:$H$81,MATCH(F$97,$A$74:$A$81,0))&"-")),1,0) -> 1 | G106: =IF(ISNUMBER(SEARCH("-"&$A106&"-","-"&INDEX($H$74:$H$81,MATCH(G$97,$A$74:$A$81,0))&"-")),1,0) -> 1 | H106: =IF(ISNUMBER(SEARCH("-"&$A106&"-","-"&INDEX($H$74:$H$81,MATCH(H$97,$A$74:$A$81,0))&"-")),1,0) -> 1 | I106: =IF(ISNUMBER(SEARCH("-"&$A106&"-","-"&INDEX($H$74:$H$81,MATCH(I$97,$A$74:$A$81,0))&"-")),1,0) -> 1 | J106: =IF(ISNUMBER(SEARCH("-"&$A106&"-","-"&INDEX($H$74:$H$81,MATCH(J$97,$A$74:$A$81,0))&"-")),1,0) -> 1 | K106: =IF(ISNUMBER(SEARCH("-"&$A106&"-","-"&INDEX($H$74:$H$81,MATCH(K$97,$A$74:$A$81,0))&"-")),1,0) -> 1 | L106: =IF(ISNUMBER(SEARCH("-"&$A106&"-","-"&INDEX($H$74:$H$81,MATCH(L$97,$A$74:$A$81,0))&"-")),1,0) -> 1 | M106: =SUM(E106:L106) -> 8 | N106: =IF(M106>0,"Covered","NOT covered") -> Covered
A108: 7. Coverage results
A109: Statement (node) coverage | D109: =COUNTIF(N98:N106,"Covered")/COUNTA(A98:A106) -> 1
A110: Branch (decision) coverage | D110: =(COUNTIFS(D85:D95,"T",N85:N95,"Covered")+COUNTIFS(D85:D95,"F",N85:N95,"Covered"))/(COUNTIF(D85:D95,"T")+COUNTIF(D85:D95,"F")) -> 1
A111: Edge (path) coverage | D111: =COUNTIF(N85:N95,"Covered")/COUNTA(A85:A95) -> 1
A112: Tests passed | D112: =COUNTIF(G74:G81,"Pass")&" / "&COUNTA(A74:A81) -> 8 / 8

Sheet M4_Alerts
A1: Module 4: Attendance Alert
A2: Module under test: attendance_alert(alerted_today, pct, absent_run, guardian) | Technique: basis path testing with control flow graph
A4: Rules (assumed): checks run in strict order: already alerted today, attendance at least 75%, five or more consecutive absences, guardian contact on file.
A5: Returns SKIP_DUPLICATE, NO_ALERT, ESCALATE_TO_HOD, NOTIFY_STUDENT or NOTIFY_GUARDIAN (assumed alert names).
A6: Features tested: sequential decisions where an earlier check overrides later conditions, boundary values at 75% and 5 absences.
A8: 1. Source code with CFG node mapping
A9: Line | B9: Source code | C9: Node
A10: 1 | B10: def attendance_alert(alerted_today, pct, absent_run, guardian): | C10: -
A11: 2 | B11: if alerted_today: | C11: N1
A12: 3 | B12: return 'SKIP_DUPLICATE' | C12: N2
A13: 4 | B13: if pct >= 75: | C13: N3
A14: 5 | B14: return 'NO_ALERT' | C14: N4
A15: 6 | B15: if absent_run >= 5: | C15: N5
A16: 7 | B16: return 'ESCALATE_TO_HOD' | C16: N6
A17: 8 | B17: if not guardian: | C17: N7
A18: 9 | B18: return 'NOTIFY_STUDENT' | C18: N8
A19: 10 | B19: return 'NOTIFY_GUARDIAN' | C19: N9
A34: 2. Control flow graph – node table and edge table
A35: Node | B35: Statement | C35: Type | D35: Out-deg | E35: In-deg | G35: Edge | H35: From | I35: To | J35: Label | K35: Description
A36: 1 | B36: if alerted_today | C36: Decision | D36: =COUNTIF($H$36:$H$48,A36) -> 2 | E36: =COUNTIF($I$36:$I$48,A36) -> 0 | G36: E1 | H36: 1 | I36: 2 | J36: T | K36: already alerted today
A37: 2 | B37: return SKIP_DUPLICATE | C37: Process | D37: =COUNTIF($H$36:$H$48,A37) -> 1 | E37: =COUNTIF($I$36:$I$48,A37) -> 1 | G37: E2 | H37: 1 | I37: 3 | J37: F | K37: not yet alerted
A38: 3 | B38: if pct >= 75 | C38: Decision | D38: =COUNTIF($H$36:$H$48,A38) -> 2 | E38: =COUNTIF($I$36:$I$48,A38) -> 1 | G38: E3 | H38: 3 | I38: 4 | J38: T | K38: attendance ok
A39: 4 | B39: return NO_ALERT | C39: Process | D39: =COUNTIF($H$36:$H$48,A39) -> 1 | E39: =COUNTIF($I$36:$I$48,A39) -> 1 | G39: E4 | H39: 3 | I39: 5 | J39: F | K39: below 75%
A40: 5 | B40: if absent_run >= 5 | C40: Decision | D40: =COUNTIF($H$36:$H$48,A40) -> 2 | E40: =COUNTIF($I$36:$I$48,A40) -> 1 | G40: E5 | H40: 5 | I40: 6 | J40: T | K40: 5+ days absent
A41: 6 | B41: return ESCALATE_TO_HOD | C41: Process | D41: =COUNTIF($H$36:$H$48,A41) -> 1 | E41: =COUNTIF($I$36:$I$48,A41) -> 1 | G41: E6 | H41: 5 | I41: 7 | J41: F | K41: fewer than 5
A42: 7 | B42: if not guardian | C42: Decision | D42: =COUNTIF($H$36:$H$48,A42) -> 2 | E42: =COUNTIF($I$36:$I$48,A42) -> 1 | G42: E7 | H42: 7 | I42: 8 | J42: T | K42: no guardian contact
A43: 8 | B43: return NOTIFY_STUDENT | C43: Process | D43: =COUNTIF($H$36:$H$48,A43) -> 1 | E43: =COUNTIF($I$36:$I$48,A43) -> 1 | G43: E8 | H43: 7 | I43: 9 | J43: F | K43: guardian on file
A44: 9 | B44: return NOTIFY_GUARDIAN | C44: Process | D44: =COUNTIF($H$36:$H$48,A44) -> 1 | E44: =COUNTIF($I$36:$I$48,A44) -> 1 | G44: E9 | H44: 2 | I44: 10 | J44: - | K44: exit
A45: 10 | B45: exit | C45: Exit | D45: =COUNTIF($H$36:$H$48,A45) -> 0 | E45: =COUNTIF($I$36:$I$48,A45) -> 5 | G45: E10 | H45: 4 | I45: 10 | J45: - | K45: exit
G46: E11 | H46: 6 | I46: 10 | J46: - | K46: exit
G47: E12 | H47: 8 | I47: 10 | J47: - | K47: exit
G48: E13 | H48: 9 | I48: 10 | J48: - | K48: exit
A50: 3. Cyclomatic complexity V(G)
A51: Parameter | B51: Formula / source | C51: Value
A52: Nodes (N) | B52: count of node table | C52: =COUNTA(A36:A45) -> 10
A53: Edges (E) | B53: count of edge table | C53: =COUNTA(G36:G48) -> 13
A54: Decision nodes (P) | B54: nodes of type Decision | C54: =COUNTIF(C36:C45,"Decision") -> 4
A55: V(G) – method 1 | B55: E − N + 2 | C55: =C53-C52+2 -> 5
A56: V(G) – method 2 | B56: P + 1 | C56: =C54+1 -> 5
A57: Methods agree? | B57: method 1 = method 2 | C57: =IF(C55=C56,"Yes","MISMATCH") -> Yes
A58: Cyclomatic complexity V(G) | B58: minimum number of tests required | C58: =C55 -> 5
A59: Rating | B59: 1-10 simple, 11-20 moderate, 21-50 complex, >50 unstable | C59: =IF(C58<=10,"Simple",IF(C58<=20,"Moderate",IF(C58<=50,"Complex","Unstable"))) -> Simple
A61: 4. Independent (basis) paths – baseline path, then flip one decision at a time
A62: Path | B62: Derivation | C62: Type | D62: Feasible? | E62: Node sequence | K62: Notes
A63: P1 | B63: Baseline: low attendance, guardian notified | C63: Basis | D63: Yes | E63: 1-3-5-7-9-10 | K63: All checks fall through
A64: P2 | B64: Flip N1: already alerted today | C64: Basis | D64: Yes | E64: 1-2-10
A65: P3 | B65: Flip N3: attendance 75% or more | C65: Basis | D65: Yes | E65: 1-3-4-10
A66: P4 | B66: Flip N5: 5+ consecutive absences | C66: Basis | D66: Yes | E66: 1-3-5-6-10
A67: P5 | B67: Flip N7: no guardian contact | C67: Basis | D67: Yes | E67: 1-3-5-7-8-10
A68: Basis paths identified | D68: =COUNTIF(C63:C67,"Basis") -> 5 | E68: =IF(D68=C58,"= V(G) ✔","≠ V(G)") -> = V(G) ✔
A69: Infeasible paths | D69: =COUNTIF(D63:D67,"No") -> 0
A71: 5. Test cases (yellow / blue = editable inputs; Actual output obtained by running the code)
A72: TC ID | B72: Test objective | C72: Path | D72: Input | E72: Expected | F72: Actual | G72: Status | H72: Path nodes (lookup)
A73: TC01 | B73: Low attendance, guardian on file | C73: P1 | D73: alerted=No, pct=60, absent_run=2, guardian=Yes | E73: NOTIFY_GUARDIAN | F73: NOTIFY_GUARDIAN | G73: =IF(F73="","Not run",IF(F73=E73,"Pass","Fail")) -> Pass | H73: =INDEX($E$63:$E$67,MATCH(C73,$A$63:$A$67,0)) -> 1-3-5-7-9-10
A74: TC02 | B74: Already alerted today | C74: P2 | D74: alerted=Yes, pct=60, absent_run=2, guardian=Yes | E74: SKIP_DUPLICATE | F74: SKIP_DUPLICATE | G74: =IF(F74="","Not run",IF(F74=E74,"Pass","Fail")) -> Pass | H74: =INDEX($E$63:$E$67,MATCH(C74,$A$63:$A$67,0)) -> 1-2-10
A75: TC03 | B75: Attendance fine | C75: P3 | D75: alerted=No, pct=82, absent_run=2, guardian=Yes | E75: NO_ALERT | F75: NO_ALERT | G75: =IF(F75="","Not run",IF(F75=E75,"Pass","Fail")) -> Pass | H75: =INDEX($E$63:$E$67,MATCH(C75,$A$63:$A$67,0)) -> 1-3-4-10
A76: TC04 | B76: Six absences in a row | C76: P4 | D76: alerted=No, pct=60, absent_run=6, guardian=Yes | E76: ESCALATE_TO_HOD | F76: ESCALATE_TO_HOD | G76: =IF(F76="","Not run",IF(F76=E76,"Pass","Fail")) -> Pass | H76: =INDEX($E$63:$E$67,MATCH(C76,$A$63:$A$67,0)) -> 1-3-5-6-10
A77: TC05 | B77: Low attendance, no guardian | C77: P5 | D77: alerted=No, pct=60, absent_run=2, guardian=No | E77: NOTIFY_STUDENT | F77: NOTIFY_STUDENT | G77: =IF(F77="","Not run",IF(F77=E77,"Pass","Fail")) -> Pass | H77: =INDEX($E$63:$E$67,MATCH(C77,$A$63:$A$67,0)) -> 1-3-5-7-8-10
A78: TC06 | B78: Everything failing: duplicate check wins | C78: P2 | D78: alerted=Yes, pct=82, absent_run=6, guardian=No | E78: SKIP_DUPLICATE | F78: SKIP_DUPLICATE | G78: =IF(F78="","Not run",IF(F78=E78,"Pass","Fail")) -> Pass | H78: =INDEX($E$63:$E$67,MATCH(C78,$A$63:$A$67,0)) -> 1-2-10
A79: TC07 | B79: Boundary: 75% beats 9 absences | C79: P3 | D79: alerted=No, pct=75, absent_run=9, guardian=No | E79: NO_ALERT | F79: NO_ALERT | G79: =IF(F79="","Not run",IF(F79=E79,"Pass","Fail")) -> Pass | H79: =INDEX($E$63:$E$67,MATCH(C79,$A$63:$A$67,0)) -> 1-3-4-10
A80: TC08 | B80: Boundary: 74.9%, 4 absences | C80: P1 | D80: alerted=No, pct=74.9, absent_run=4, guardian=Yes | E80: NOTIFY_GUARDIAN | F80: NOTIFY_GUARDIAN | G80: =IF(F80="","Not run",IF(F80=E80,"Pass","Fail")) -> Pass | H80: =INDEX($E$63:$E$67,MATCH(C80,$A$63:$A$67,0)) -> 1-3-5-7-9-10
A81: TC09 | B81: Boundary: 74.9%, exactly 5 absences | C81: P4 | D81: alerted=No, pct=74.9, absent_run=5, guardian=Yes | E81: ESCALATE_TO_HOD | F81: ESCALATE_TO_HOD | G81: =IF(F81="","Not run",IF(F81=E81,"Pass","Fail")) -> Pass | H81: =INDEX($E$63:$E$67,MATCH(C81,$A$63:$A$67,0)) -> 1-3-5-6-10
A83: 6. Coverage (1 = node / edge traversed by the test's path)
A84: Edge | B84: From | C84: To | D84: Label | E84: TC01 | F84: TC02 | G84: TC03 | H84: TC04 | I84: TC05 | J84: TC06 | K84: TC07 | L84: TC08 | M84: TC09 | N84: Hits | O84: Status
A85: =G36 -> E1 | B85: =H36 -> 1 | C85: =I36 -> 2 | D85: =J36 -> T | E85: =IF(ISNUMBER(SEARCH("-"&$B85&"-"&$C85&"-","-"&INDEX($H$73:$H$81,MATCH(E$84,$A$73:$A$81,0))&"-")),1,0) -> 0 | F85: =IF(ISNUMBER(SEARCH("-"&$B85&"-"&$C85&"-","-"&INDEX($H$73:$H$81,MATCH(F$84,$A$73:$A$81,0))&"-")),1,0) -> 1 | G85: =IF(ISNUMBER(SEARCH("-"&$B85&"-"&$C85&"-","-"&INDEX($H$73:$H$81,MATCH(G$84,$A$73:$A$81,0))&"-")),1,0) -> 0 | H85: =IF(ISNUMBER(SEARCH("-"&$B85&"-"&$C85&"-","-"&INDEX($H$73:$H$81,MATCH(H$84,$A$73:$A$81,0))&"-")),1,0) -> 0 | I85: =IF(ISNUMBER(SEARCH("-"&$B85&"-"&$C85&"-","-"&INDEX($H$73:$H$81,MATCH(I$84,$A$73:$A$81,0))&"-")),1,0) -> 0 | J85: =IF(ISNUMBER(SEARCH("-"&$B85&"-"&$C85&"-","-"&INDEX($H$73:$H$81,MATCH(J$84,$A$73:$A$81,0))&"-")),1,0) -> 1 | K85: =IF(ISNUMBER(SEARCH("-"&$B85&"-"&$C85&"-","-"&INDEX($H$73:$H$81,MATCH(K$84,$A$73:$A$81,0))&"-")),1,0) -> 0 | L85: =IF(ISNUMBER(SEARCH("-"&$B85&"-"&$C85&"-","-"&INDEX($H$73:$H$81,MATCH(L$84,$A$73:$A$81,0))&"-")),1,0) -> 0 | M85: =IF(ISNUMBER(SEARCH("-"&$B85&"-"&$C85&"-","-"&INDEX($H$73:$H$81,MATCH(M$84,$A$73:$A$81,0))&"-")),1,0) -> 0 | N85: =SUM(E85:M85) -> 2 | O85: =IF(N85>0,"Covered","NOT covered") -> Covered
A86: =G37 -> E2 | B86: =H37 -> 1 | C86: =I37 -> 3 | D86: =J37 -> F | E86: =IF(ISNUMBER(SEARCH("-"&$B86&"-"&$C86&"-","-"&INDEX($H$73:$H$81,MATCH(E$84,$A$73:$A$81,0))&"-")),1,0) -> 1 | F86: =IF(ISNUMBER(SEARCH("-"&$B86&"-"&$C86&"-","-"&INDEX($H$73:$H$81,MATCH(F$84,$A$73:$A$81,0))&"-")),1,0) -> 0 | G86: =IF(ISNUMBER(SEARCH("-"&$B86&"-"&$C86&"-","-"&INDEX($H$73:$H$81,MATCH(G$84,$A$73:$A$81,0))&"-")),1,0) -> 1 | H86: =IF(ISNUMBER(SEARCH("-"&$B86&"-"&$C86&"-","-"&INDEX($H$73:$H$81,MATCH(H$84,$A$73:$A$81,0))&"-")),1,0) -> 1 | I86: =IF(ISNUMBER(SEARCH("-"&$B86&"-"&$C86&"-","-"&INDEX($H$73:$H$81,MATCH(I$84,$A$73:$A$81,0))&"-")),1,0) -> 1 | J86: =IF(ISNUMBER(SEARCH("-"&$B86&"-"&$C86&"-","-"&INDEX($H$73:$H$81,MATCH(J$84,$A$73:$A$81,0))&"-")),1,0) -> 0 | K86: =IF(ISNUMBER(SEARCH("-"&$B86&"-"&$C86&"-","-"&INDEX($H$73:$H$81,MATCH(K$84,$A$73:$A$81,0))&"-")),1,0) -> 1 | L86: =IF(ISNUMBER(SEARCH("-"&$B86&"-"&$C86&"-","-"&INDEX($H$73:$H$81,MATCH(L$84,$A$73:$A$81,0))&"-")),1,0) -> 1 | M86: =IF(ISNUMBER(SEARCH("-"&$B86&"-"&$C86&"-","-"&INDEX($H$73:$H$81,MATCH(M$84,$A$73:$A$81,0))&"-")),1,0) -> 1 | N86: =SUM(E86:M86) -> 7 | O86: =IF(N86>0,"Covered","NOT covered") -> Covered
A87: =G38 -> E3 | B87: =H38 -> 3 | C87: =I38 -> 4 | D87: =J38 -> T | E87: =IF(ISNUMBER(SEARCH("-"&$B87&"-"&$C87&"-","-"&INDEX($H$73:$H$81,MATCH(E$84,$A$73:$A$81,0))&"-")),1,0) -> 0 | F87: =IF(ISNUMBER(SEARCH("-"&$B87&"-"&$C87&"-","-"&INDEX($H$73:$H$81,MATCH(F$84,$A$73:$A$81,0))&"-")),1,0) -> 0 | G87: =IF(ISNUMBER(SEARCH("-"&$B87&"-"&$C87&"-","-"&INDEX($H$73:$H$81,MATCH(G$84,$A$73:$A$81,0))&"-")),1,0) -> 1 | H87: =IF(ISNUMBER(SEARCH("-"&$B87&"-"&$C87&"-","-"&INDEX($H$73:$H$81,MATCH(H$84,$A$73:$A$81,0))&"-")),1,0) -> 0 | I87: =IF(ISNUMBER(SEARCH("-"&$B87&"-"&$C87&"-","-"&INDEX($H$73:$H$81,MATCH(I$84,$A$73:$A$81,0))&"-")),1,0) -> 0 | J87: =IF(ISNUMBER(SEARCH("-"&$B87&"-"&$C87&"-","-"&INDEX($H$73:$H$81,MATCH(J$84,$A$73:$A$81,0))&"-")),1,0) -> 0 | K87: =IF(ISNUMBER(SEARCH("-"&$B87&"-"&$C87&"-","-"&INDEX($H$73:$H$81,MATCH(K$84,$A$73:$A$81,0))&"-")),1,0) -> 1 | L87: =IF(ISNUMBER(SEARCH("-"&$B87&"-"&$C87&"-","-"&INDEX($H$73:$H$81,MATCH(L$84,$A$73:$A$81,0))&"-")),1,0) -> 0 | M87: =IF(ISNUMBER(SEARCH("-"&$B87&"-"&$C87&"-","-"&INDEX($H$73:$H$81,MATCH(M$84,$A$73:$A$81,0))&"-")),1,0) -> 0 | N87: =SUM(E87:M87) -> 2 | O87: =IF(N87>0,"Covered","NOT covered") -> Covered
A88: =G39 -> E4 | B88: =H39 -> 3 | C88: =I39 -> 5 | D88: =J39 -> F | E88: =IF(ISNUMBER(SEARCH("-"&$B88&"-"&$C88&"-","-"&INDEX($H$73:$H$81,MATCH(E$84,$A$73:$A$81,0))&"-")),1,0) -> 1 | F88: =IF(ISNUMBER(SEARCH("-"&$B88&"-"&$C88&"-","-"&INDEX($H$73:$H$81,MATCH(F$84,$A$73:$A$81,0))&"-")),1,0) -> 0 | G88: =IF(ISNUMBER(SEARCH("-"&$B88&"-"&$C88&"-","-"&INDEX($H$73:$H$81,MATCH(G$84,$A$73:$A$81,0))&"-")),1,0) -> 0 | H88: =IF(ISNUMBER(SEARCH("-"&$B88&"-"&$C88&"-","-"&INDEX($H$73:$H$81,MATCH(H$84,$A$73:$A$81,0))&"-")),1,0) -> 1 | I88: =IF(ISNUMBER(SEARCH("-"&$B88&"-"&$C88&"-","-"&INDEX($H$73:$H$81,MATCH(I$84,$A$73:$A$81,0))&"-")),1,0) -> 1 | J88: =IF(ISNUMBER(SEARCH("-"&$B88&"-"&$C88&"-","-"&INDEX($H$73:$H$81,MATCH(J$84,$A$73:$A$81,0))&"-")),1,0) -> 0 | K88: =IF(ISNUMBER(SEARCH("-"&$B88&"-"&$C88&"-","-"&INDEX($H$73:$H$81,MATCH(K$84,$A$73:$A$81,0))&"-")),1,0) -> 0 | L88: =IF(ISNUMBER(SEARCH("-"&$B88&"-"&$C88&"-","-"&INDEX($H$73:$H$81,MATCH(L$84,$A$73:$A$81,0))&"-")),1,0) -> 1 | M88: =IF(ISNUMBER(SEARCH("-"&$B88&"-"&$C88&"-","-"&INDEX($H$73:$H$81,MATCH(M$84,$A$73:$A$81,0))&"-")),1,0) -> 1 | N88: =SUM(E88:M88) -> 5 | O88: =IF(N88>0,"Covered","NOT covered") -> Covered
A89: =G40 -> E5 | B89: =H40 -> 5 | C89: =I40 -> 6 | D89: =J40 -> T | E89: =IF(ISNUMBER(SEARCH("-"&$B89&"-"&$C89&"-","-"&INDEX($H$73:$H$81,MATCH(E$84,$A$73:$A$81,0))&"-")),1,0) -> 0 | F89: =IF(ISNUMBER(SEARCH("-"&$B89&"-"&$C89&"-","-"&INDEX($H$73:$H$81,MATCH(F$84,$A$73:$A$81,0))&"-")),1,0) -> 0 | G89: =IF(ISNUMBER(SEARCH("-"&$B89&"-"&$C89&"-","-"&INDEX($H$73:$H$81,MATCH(G$84,$A$73:$A$81,0))&"-")),1,0) -> 0 | H89: =IF(ISNUMBER(SEARCH("-"&$B89&"-"&$C89&"-","-"&INDEX($H$73:$H$81,MATCH(H$84,$A$73:$A$81,0))&"-")),1,0) -> 1 | I89: =IF(ISNUMBER(SEARCH("-"&$B89&"-"&$C89&"-","-"&INDEX($H$73:$H$81,MATCH(I$84,$A$73:$A$81,0))&"-")),1,0) -> 0 | J89: =IF(ISNUMBER(SEARCH("-"&$B89&"-"&$C89&"-","-"&INDEX($H$73:$H$81,MATCH(J$84,$A$73:$A$81,0))&"-")),1,0) -> 0 | K89: =IF(ISNUMBER(SEARCH("-"&$B89&"-"&$C89&"-","-"&INDEX($H$73:$H$81,MATCH(K$84,$A$73:$A$81,0))&"-")),1,0) -> 0 | L89: =IF(ISNUMBER(SEARCH("-"&$B89&"-"&$C89&"-","-"&INDEX($H$73:$H$81,MATCH(L$84,$A$73:$A$81,0))&"-")),1,0) -> 0 | M89: =IF(ISNUMBER(SEARCH("-"&$B89&"-"&$C89&"-","-"&INDEX($H$73:$H$81,MATCH(M$84,$A$73:$A$81,0))&"-")),1,0) -> 1 | N89: =SUM(E89:M89) -> 2 | O89: =IF(N89>0,"Covered","NOT covered") -> Covered
A90: =G41 -> E6 | B90: =H41 -> 5 | C90: =I41 -> 7 | D90: =J41 -> F | E90: =IF(ISNUMBER(SEARCH("-"&$B90&"-"&$C90&"-","-"&INDEX($H$73:$H$81,MATCH(E$84,$A$73:$A$81,0))&"-")),1,0) -> 1 | F90: =IF(ISNUMBER(SEARCH("-"&$B90&"-"&$C90&"-","-"&INDEX($H$73:$H$81,MATCH(F$84,$A$73:$A$81,0))&"-")),1,0) -> 0 | G90: =IF(ISNUMBER(SEARCH("-"&$B90&"-"&$C90&"-","-"&INDEX($H$73:$H$81,MATCH(G$84,$A$73:$A$81,0))&"-")),1,0) -> 0 | H90: =IF(ISNUMBER(SEARCH("-"&$B90&"-"&$C90&"-","-"&INDEX($H$73:$H$81,MATCH(H$84,$A$73:$A$81,0))&"-")),1,0) -> 0 | I90: =IF(ISNUMBER(SEARCH("-"&$B90&"-"&$C90&"-","-"&INDEX($H$73:$H$81,MATCH(I$84,$A$73:$A$81,0))&"-")),1,0) -> 1 | J90: =IF(ISNUMBER(SEARCH("-"&$B90&"-"&$C90&"-","-"&INDEX($H$73:$H$81,MATCH(J$84,$A$73:$A$81,0))&"-")),1,0) -> 0 | K90: =IF(ISNUMBER(SEARCH("-"&$B90&"-"&$C90&"-","-"&INDEX($H$73:$H$81,MATCH(K$84,$A$73:$A$81,0))&"-")),1,0) -> 0 | L90: =IF(ISNUMBER(SEARCH("-"&$B90&"-"&$C90&"-","-"&INDEX($H$73:$H$81,MATCH(L$84,$A$73:$A$81,0))&"-")),1,0) -> 1 | M90: =IF(ISNUMBER(SEARCH("-"&$B90&"-"&$C90&"-","-"&INDEX($H$73:$H$81,MATCH(M$84,$A$73:$A$81,0))&"-")),1,0) -> 0 | N90: =SUM(E90:M90) -> 3 | O90: =IF(N90>0,"Covered","NOT covered") -> Covered
A91: =G42 -> E7 | B91: =H42 -> 7 | C91: =I42 -> 8 | D91: =J42 -> T | E91: =IF(ISNUMBER(SEARCH("-"&$B91&"-"&$C91&"-","-"&INDEX($H$73:$H$81,MATCH(E$84,$A$73:$A$81,0))&"-")),1,0) -> 0 | F91: =IF(ISNUMBER(SEARCH("-"&$B91&"-"&$C91&"-","-"&INDEX($H$73:$H$81,MATCH(F$84,$A$73:$A$81,0))&"-")),1,0) -> 0 | G91: =IF(ISNUMBER(SEARCH("-"&$B91&"-"&$C91&"-","-"&INDEX($H$73:$H$81,MATCH(G$84,$A$73:$A$81,0))&"-")),1,0) -> 0 | H91: =IF(ISNUMBER(SEARCH("-"&$B91&"-"&$C91&"-","-"&INDEX($H$73:$H$81,MATCH(H$84,$A$73:$A$81,0))&"-")),1,0) -> 0 | I91: =IF(ISNUMBER(SEARCH("-"&$B91&"-"&$C91&"-","-"&INDEX($H$73:$H$81,MATCH(I$84,$A$73:$A$81,0))&"-")),1,0) -> 1 | J91: =IF(ISNUMBER(SEARCH("-"&$B91&"-"&$C91&"-","-"&INDEX($H$73:$H$81,MATCH(J$84,$A$73:$A$81,0))&"-")),1,0) -> 0 | K91: =IF(ISNUMBER(SEARCH("-"&$B91&"-"&$C91&"-","-"&INDEX($H$73:$H$81,MATCH(K$84,$A$73:$A$81,0))&"-")),1,0) -> 0 | L91: =IF(ISNUMBER(SEARCH("-"&$B91&"-"&$C91&"-","-"&INDEX($H$73:$H$81,MATCH(L$84,$A$73:$A$81,0))&"-")),1,0) -> 0 | M91: =IF(ISNUMBER(SEARCH("-"&$B91&"-"&$C91&"-","-"&INDEX($H$73:$H$81,MATCH(M$84,$A$73:$A$81,0))&"-")),1,0) -> 0 | N91: =SUM(E91:M91) -> 1 | O91: =IF(N91>0,"Covered","NOT covered") -> Covered
A92: =G43 -> E8 | B92: =H43 -> 7 | C92: =I43 -> 9 | D92: =J43 -> F | E92: =IF(ISNUMBER(SEARCH("-"&$B92&"-"&$C92&"-","-"&INDEX($H$73:$H$81,MATCH(E$84,$A$73:$A$81,0))&"-")),1,0) -> 1 | F92: =IF(ISNUMBER(SEARCH("-"&$B92&"-"&$C92&"-","-"&INDEX($H$73:$H$81,MATCH(F$84,$A$73:$A$81,0))&"-")),1,0) -> 0 | G92: =IF(ISNUMBER(SEARCH("-"&$B92&"-"&$C92&"-","-"&INDEX($H$73:$H$81,MATCH(G$84,$A$73:$A$81,0))&"-")),1,0) -> 0 | H92: =IF(ISNUMBER(SEARCH("-"&$B92&"-"&$C92&"-","-"&INDEX($H$73:$H$81,MATCH(H$84,$A$73:$A$81,0))&"-")),1,0) -> 0 | I92: =IF(ISNUMBER(SEARCH("-"&$B92&"-"&$C92&"-","-"&INDEX($H$73:$H$81,MATCH(I$84,$A$73:$A$81,0))&"-")),1,0) -> 0 | J92: =IF(ISNUMBER(SEARCH("-"&$B92&"-"&$C92&"-","-"&INDEX($H$73:$H$81,MATCH(J$84,$A$73:$A$81,0))&"-")),1,0) -> 0 | K92: =IF(ISNUMBER(SEARCH("-"&$B92&"-"&$C92&"-","-"&INDEX($H$73:$H$81,MATCH(K$84,$A$73:$A$81,0))&"-")),1,0) -> 0 | L92: =IF(ISNUMBER(SEARCH("-"&$B92&"-"&$C92&"-","-"&INDEX($H$73:$H$81,MATCH(L$84,$A$73:$A$81,0))&"-")),1,0) -> 1 | M92: =IF(ISNUMBER(SEARCH("-"&$B92&"-"&$C92&"-","-"&INDEX($H$73:$H$81,MATCH(M$84,$A$73:$A$81,0))&"-")),1,0) -> 0 | N92: =SUM(E92:M92) -> 2 | O92: =IF(N92>0,"Covered","NOT covered") -> Covered
A93: =G44 -> E9 | B93: =H44 -> 2 | C93: =I44 -> 10 | D93: =J44 -> - | E93: =IF(ISNUMBER(SEARCH("-"&$B93&"-"&$C93&"-","-"&INDEX($H$73:$H$81,MATCH(E$84,$A$73:$A$81,0))&"-")),1,0) -> 0 | F93: =IF(ISNUMBER(SEARCH("-"&$B93&"-"&$C93&"-","-"&INDEX($H$73:$H$81,MATCH(F$84,$A$73:$A$81,0))&"-")),1,0) -> 1 | G93: =IF(ISNUMBER(SEARCH("-"&$B93&"-"&$C93&"-","-"&INDEX($H$73:$H$81,MATCH(G$84,$A$73:$A$81,0))&"-")),1,0) -> 0 | H93: =IF(ISNUMBER(SEARCH("-"&$B93&"-"&$C93&"-","-"&INDEX($H$73:$H$81,MATCH(H$84,$A$73:$A$81,0))&"-")),1,0) -> 0 | I93: =IF(ISNUMBER(SEARCH("-"&$B93&"-"&$C93&"-","-"&INDEX($H$73:$H$81,MATCH(I$84,$A$73:$A$81,0))&"-")),1,0) -> 0 | J93: =IF(ISNUMBER(SEARCH("-"&$B93&"-"&$C93&"-","-"&INDEX($H$73:$H$81,MATCH(J$84,$A$73:$A$81,0))&"-")),1,0) -> 1 | K93: =IF(ISNUMBER(SEARCH("-"&$B93&"-"&$C93&"-","-"&INDEX($H$73:$H$81,MATCH(K$84,$A$73:$A$81,0))&"-")),1,0) -> 0 | L93: =IF(ISNUMBER(SEARCH("-"&$B93&"-"&$C93&"-","-"&INDEX($H$73:$H$81,MATCH(L$84,$A$73:$A$81,0))&"-")),1,0) -> 0 | M93: =IF(ISNUMBER(SEARCH("-"&$B93&"-"&$C93&"-","-"&INDEX($H$73:$H$81,MATCH(M$84,$A$73:$A$81,0))&"-")),1,0) -> 0 | N93: =SUM(E93:M93) -> 2 | O93: =IF(N93>0,"Covered","NOT covered") -> Covered
A94: =G45 -> E10 | B94: =H45 -> 4 | C94: =I45 -> 10 | D94: =J45 -> - | E94: =IF(ISNUMBER(SEARCH("-"&$B94&"-"&$C94&"-","-"&INDEX($H$73:$H$81,MATCH(E$84,$A$73:$A$81,0))&"-")),1,0) -> 0 | F94: =IF(ISNUMBER(SEARCH("-"&$B94&"-"&$C94&"-","-"&INDEX($H$73:$H$81,MATCH(F$84,$A$73:$A$81,0))&"-")),1,0) -> 0 | G94: =IF(ISNUMBER(SEARCH("-"&$B94&"-"&$C94&"-","-"&INDEX($H$73:$H$81,MATCH(G$84,$A$73:$A$81,0))&"-")),1,0) -> 1 | H94: =IF(ISNUMBER(SEARCH("-"&$B94&"-"&$C94&"-","-"&INDEX($H$73:$H$81,MATCH(H$84,$A$73:$A$81,0))&"-")),1,0) -> 0 | I94: =IF(ISNUMBER(SEARCH("-"&$B94&"-"&$C94&"-","-"&INDEX($H$73:$H$81,MATCH(I$84,$A$73:$A$81,0))&"-")),1,0) -> 0 | J94: =IF(ISNUMBER(SEARCH("-"&$B94&"-"&$C94&"-","-"&INDEX($H$73:$H$81,MATCH(J$84,$A$73:$A$81,0))&"-")),1,0) -> 0 | K94: =IF(ISNUMBER(SEARCH("-"&$B94&"-"&$C94&"-","-"&INDEX($H$73:$H$81,MATCH(K$84,$A$73:$A$81,0))&"-")),1,0) -> 1 | L94: =IF(ISNUMBER(SEARCH("-"&$B94&"-"&$C94&"-","-"&INDEX($H$73:$H$81,MATCH(L$84,$A$73:$A$81,0))&"-")),1,0) -> 0 | M94: =IF(ISNUMBER(SEARCH("-"&$B94&"-"&$C94&"-","-"&INDEX($H$73:$H$81,MATCH(M$84,$A$73:$A$81,0))&"-")),1,0) -> 0 | N94: =SUM(E94:M94) -> 2 | O94: =IF(N94>0,"Covered","NOT covered") -> Covered
A95: =G46 -> E11 | B95: =H46 -> 6 | C95: =I46 -> 10 | D95: =J46 -> - | E95: =IF(ISNUMBER(SEARCH("-"&$B95&"-"&$C95&"-","-"&INDEX($H$73:$H$81,MATCH(E$84,$A$73:$A$81,0))&"-")),1,0) -> 0 | F95: =IF(ISNUMBER(SEARCH("-"&$B95&"-"&$C95&"-","-"&INDEX($H$73:$H$81,MATCH(F$84,$A$73:$A$81,0))&"-")),1,0) -> 0 | G95: =IF(ISNUMBER(SEARCH("-"&$B95&"-"&$C95&"-","-"&INDEX($H$73:$H$81,MATCH(G$84,$A$73:$A$81,0))&"-")),1,0) -> 0 | H95: =IF(ISNUMBER(SEARCH("-"&$B95&"-"&$C95&"-","-"&INDEX($H$73:$H$81,MATCH(H$84,$A$73:$A$81,0))&"-")),1,0) -> 1 | I95: =IF(ISNUMBER(SEARCH("-"&$B95&"-"&$C95&"-","-"&INDEX($H$73:$H$81,MATCH(I$84,$A$73:$A$81,0))&"-")),1,0) -> 0 | J95: =IF(ISNUMBER(SEARCH("-"&$B95&"-"&$C95&"-","-"&INDEX($H$73:$H$81,MATCH(J$84,$A$73:$A$81,0))&"-")),1,0) -> 0 | K95: =IF(ISNUMBER(SEARCH("-"&$B95&"-"&$C95&"-","-"&INDEX($H$73:$H$81,MATCH(K$84,$A$73:$A$81,0))&"-")),1,0) -> 0 | L95: =IF(ISNUMBER(SEARCH("-"&$B95&"-"&$C95&"-","-"&INDEX($H$73:$H$81,MATCH(L$84,$A$73:$A$81,0))&"-")),1,0) -> 0 | M95: =IF(ISNUMBER(SEARCH("-"&$B95&"-"&$C95&"-","-"&INDEX($H$73:$H$81,MATCH(M$84,$A$73:$A$81,0))&"-")),1,0) -> 1 | N95: =SUM(E95:M95) -> 2 | O95: =IF(N95>0,"Covered","NOT covered") -> Covered
A96: =G47 -> E12 | B96: =H47 -> 8 | C96: =I47 -> 10 | D96: =J47 -> - | E96: =IF(ISNUMBER(SEARCH("-"&$B96&"-"&$C96&"-","-"&INDEX($H$73:$H$81,MATCH(E$84,$A$73:$A$81,0))&"-")),1,0) -> 0 | F96: =IF(ISNUMBER(SEARCH("-"&$B96&"-"&$C96&"-","-"&INDEX($H$73:$H$81,MATCH(F$84,$A$73:$A$81,0))&"-")),1,0) -> 0 | G96: =IF(ISNUMBER(SEARCH("-"&$B96&"-"&$C96&"-","-"&INDEX($H$73:$H$81,MATCH(G$84,$A$73:$A$81,0))&"-")),1,0) -> 0 | H96: =IF(ISNUMBER(SEARCH("-"&$B96&"-"&$C96&"-","-"&INDEX($H$73:$H$81,MATCH(H$84,$A$73:$A$81,0))&"-")),1,0) -> 0 | I96: =IF(ISNUMBER(SEARCH("-"&$B96&"-"&$C96&"-","-"&INDEX($H$73:$H$81,MATCH(I$84,$A$73:$A$81,0))&"-")),1,0) -> 1 | J96: =IF(ISNUMBER(SEARCH("-"&$B96&"-"&$C96&"-","-"&INDEX($H$73:$H$81,MATCH(J$84,$A$73:$A$81,0))&"-")),1,0) -> 0 | K96: =IF(ISNUMBER(SEARCH("-"&$B96&"-"&$C96&"-","-"&INDEX($H$73:$H$81,MATCH(K$84,$A$73:$A$81,0))&"-")),1,0) -> 0 | L96: =IF(ISNUMBER(SEARCH("-"&$B96&"-"&$C96&"-","-"&INDEX($H$73:$H$81,MATCH(L$84,$A$73:$A$81,0))&"-")),1,0) -> 0 | M96: =IF(ISNUMBER(SEARCH("-"&$B96&"-"&$C96&"-","-"&INDEX($H$73:$H$81,MATCH(M$84,$A$73:$A$81,0))&"-")),1,0) -> 0 | N96: =SUM(E96:M96) -> 1 | O96: =IF(N96>0,"Covered","NOT covered") -> Covered
A97: =G48 -> E13 | B97: =H48 -> 9 | C97: =I48 -> 10 | D97: =J48 -> - | E97: =IF(ISNUMBER(SEARCH("-"&$B97&"-"&$C97&"-","-"&INDEX($H$73:$H$81,MATCH(E$84,$A$73:$A$81,0))&"-")),1,0) -> 1 | F97: =IF(ISNUMBER(SEARCH("-"&$B97&"-"&$C97&"-","-"&INDEX($H$73:$H$81,MATCH(F$84,$A$73:$A$81,0))&"-")),1,0) -> 0 | G97: =IF(ISNUMBER(SEARCH("-"&$B97&"-"&$C97&"-","-"&INDEX($H$73:$H$81,MATCH(G$84,$A$73:$A$81,0))&"-")),1,0) -> 0 | H97: =IF(ISNUMBER(SEARCH("-"&$B97&"-"&$C97&"-","-"&INDEX($H$73:$H$81,MATCH(H$84,$A$73:$A$81,0))&"-")),1,0) -> 0 | I97: =IF(ISNUMBER(SEARCH("-"&$B97&"-"&$C97&"-","-"&INDEX($H$73:$H$81,MATCH(I$84,$A$73:$A$81,0))&"-")),1,0) -> 0 | J97: =IF(ISNUMBER(SEARCH("-"&$B97&"-"&$C97&"-","-"&INDEX($H$73:$H$81,MATCH(J$84,$A$73:$A$81,0))&"-")),1,0) -> 0 | K97: =IF(ISNUMBER(SEARCH("-"&$B97&"-"&$C97&"-","-"&INDEX($H$73:$H$81,MATCH(K$84,$A$73:$A$81,0))&"-")),1,0) -> 0 | L97: =IF(ISNUMBER(SEARCH("-"&$B97&"-"&$C97&"-","-"&INDEX($H$73:$H$81,MATCH(L$84,$A$73:$A$81,0))&"-")),1,0) -> 1 | M97: =IF(ISNUMBER(SEARCH("-"&$B97&"-"&$C97&"-","-"&INDEX($H$73:$H$81,MATCH(M$84,$A$73:$A$81,0))&"-")),1,0) -> 0 | N97: =SUM(E97:M97) -> 2 | O97: =IF(N97>0,"Covered","NOT covered") -> Covered
A99: Node | B99: Type | E99: TC01 | F99: TC02 | G99: TC03 | H99: TC04 | I99: TC05 | J99: TC06 | K99: TC07 | L99: TC08 | M99: TC09 | N99: Hits | O99: Status
A100: =A36 -> 1 | B100: =C36 -> Decision | E100: =IF(ISNUMBER(SEARCH("-"&$A100&"-","-"&INDEX($H$73:$H$81,MATCH(E$99,$A$73:$A$81,0))&"-")),1,0) -> 1 | F100: =IF(ISNUMBER(SEARCH("-"&$A100&"-","-"&INDEX($H$73:$H$81,MATCH(F$99,$A$73:$A$81,0))&"-")),1,0) -> 1 | G100: =IF(ISNUMBER(SEARCH("-"&$A100&"-","-"&INDEX($H$73:$H$81,MATCH(G$99,$A$73:$A$81,0))&"-")),1,0) -> 1 | H100: =IF(ISNUMBER(SEARCH("-"&$A100&"-","-"&INDEX($H$73:$H$81,MATCH(H$99,$A$73:$A$81,0))&"-")),1,0) -> 1 | I100: =IF(ISNUMBER(SEARCH("-"&$A100&"-","-"&INDEX($H$73:$H$81,MATCH(I$99,$A$73:$A$81,0))&"-")),1,0) -> 1 | J100: =IF(ISNUMBER(SEARCH("-"&$A100&"-","-"&INDEX($H$73:$H$81,MATCH(J$99,$A$73:$A$81,0))&"-")),1,0) -> 1 | K100: =IF(ISNUMBER(SEARCH("-"&$A100&"-","-"&INDEX($H$73:$H$81,MATCH(K$99,$A$73:$A$81,0))&"-")),1,0) -> 1 | L100: =IF(ISNUMBER(SEARCH("-"&$A100&"-","-"&INDEX($H$73:$H$81,MATCH(L$99,$A$73:$A$81,0))&"-")),1,0) -> 1 | M100: =IF(ISNUMBER(SEARCH("-"&$A100&"-","-"&INDEX($H$73:$H$81,MATCH(M$99,$A$73:$A$81,0))&"-")),1,0) -> 1 | N100: =SUM(E100:M100) -> 9 | O100: =IF(N100>0,"Covered","NOT covered") -> Covered
A101: =A37 -> 2 | B101: =C37 -> Process | E101: =IF(ISNUMBER(SEARCH("-"&$A101&"-","-"&INDEX($H$73:$H$81,MATCH(E$99,$A$73:$A$81,0))&"-")),1,0) -> 0 | F101: =IF(ISNUMBER(SEARCH("-"&$A101&"-","-"&INDEX($H$73:$H$81,MATCH(F$99,$A$73:$A$81,0))&"-")),1,0) -> 1 | G101: =IF(ISNUMBER(SEARCH("-"&$A101&"-","-"&INDEX($H$73:$H$81,MATCH(G$99,$A$73:$A$81,0))&"-")),1,0) -> 0 | H101: =IF(ISNUMBER(SEARCH("-"&$A101&"-","-"&INDEX($H$73:$H$81,MATCH(H$99,$A$73:$A$81,0))&"-")),1,0) -> 0 | I101: =IF(ISNUMBER(SEARCH("-"&$A101&"-","-"&INDEX($H$73:$H$81,MATCH(I$99,$A$73:$A$81,0))&"-")),1,0) -> 0 | J101: =IF(ISNUMBER(SEARCH("-"&$A101&"-","-"&INDEX($H$73:$H$81,MATCH(J$99,$A$73:$A$81,0))&"-")),1,0) -> 1 | K101: =IF(ISNUMBER(SEARCH("-"&$A101&"-","-"&INDEX($H$73:$H$81,MATCH(K$99,$A$73:$A$81,0))&"-")),1,0) -> 0 | L101: =IF(ISNUMBER(SEARCH("-"&$A101&"-","-"&INDEX($H$73:$H$81,MATCH(L$99,$A$73:$A$81,0))&"-")),1,0) -> 0 | M101: =IF(ISNUMBER(SEARCH("-"&$A101&"-","-"&INDEX($H$73:$H$81,MATCH(M$99,$A$73:$A$81,0))&"-")),1,0) -> 0 | N101: =SUM(E101:M101) -> 2 | O101: =IF(N101>0,"Covered","NOT covered") -> Covered
A102: =A38 -> 3 | B102: =C38 -> Decision | E102: =IF(ISNUMBER(SEARCH("-"&$A102&"-","-"&INDEX($H$73:$H$81,MATCH(E$99,$A$73:$A$81,0))&"-")),1,0) -> 1 | F102: =IF(ISNUMBER(SEARCH("-"&$A102&"-","-"&INDEX($H$73:$H$81,MATCH(F$99,$A$73:$A$81,0))&"-")),1,0) -> 0 | G102: =IF(ISNUMBER(SEARCH("-"&$A102&"-","-"&INDEX($H$73:$H$81,MATCH(G$99,$A$73:$A$81,0))&"-")),1,0) -> 1 | H102: =IF(ISNUMBER(SEARCH("-"&$A102&"-","-"&INDEX($H$73:$H$81,MATCH(H$99,$A$73:$A$81,0))&"-")),1,0) -> 1 | I102: =IF(ISNUMBER(SEARCH("-"&$A102&"-","-"&INDEX($H$73:$H$81,MATCH(I$99,$A$73:$A$81,0))&"-")),1,0) -> 1 | J102: =IF(ISNUMBER(SEARCH("-"&$A102&"-","-"&INDEX($H$73:$H$81,MATCH(J$99,$A$73:$A$81,0))&"-")),1,0) -> 0 | K102: =IF(ISNUMBER(SEARCH("-"&$A102&"-","-"&INDEX($H$73:$H$81,MATCH(K$99,$A$73:$A$81,0))&"-")),1,0) -> 1 | L102: =IF(ISNUMBER(SEARCH("-"&$A102&"-","-"&INDEX($H$73:$H$81,MATCH(L$99,$A$73:$A$81,0))&"-")),1,0) -> 1 | M102: =IF(ISNUMBER(SEARCH("-"&$A102&"-","-"&INDEX($H$73:$H$81,MATCH(M$99,$A$73:$A$81,0))&"-")),1,0) -> 1 | N102: =SUM(E102:M102) -> 7 | O102: =IF(N102>0,"Covered","NOT covered") -> Covered
A103: =A39 -> 4 | B103: =C39 -> Process | E103: =IF(ISNUMBER(SEARCH("-"&$A103&"-","-"&INDEX($H$73:$H$81,MATCH(E$99,$A$73:$A$81,0))&"-")),1,0) -> 0 | F103: =IF(ISNUMBER(SEARCH("-"&$A103&"-","-"&INDEX($H$73:$H$81,MATCH(F$99,$A$73:$A$81,0))&"-")),1,0) -> 0 | G103: =IF(ISNUMBER(SEARCH("-"&$A103&"-","-"&INDEX($H$73:$H$81,MATCH(G$99,$A$73:$A$81,0))&"-")),1,0) -> 1 | H103: =IF(ISNUMBER(SEARCH("-"&$A103&"-","-"&INDEX($H$73:$H$81,MATCH(H$99,$A$73:$A$81,0))&"-")),1,0) -> 0 | I103: =IF(ISNUMBER(SEARCH("-"&$A103&"-","-"&INDEX($H$73:$H$81,MATCH(I$99,$A$73:$A$81,0))&"-")),1,0) -> 0 | J103: =IF(ISNUMBER(SEARCH("-"&$A103&"-","-"&INDEX($H$73:$H$81,MATCH(J$99,$A$73:$A$81,0))&"-")),1,0) -> 0 | K103: =IF(ISNUMBER(SEARCH("-"&$A103&"-","-"&INDEX($H$73:$H$81,MATCH(K$99,$A$73:$A$81,0))&"-")),1,0) -> 1 | L103: =IF(ISNUMBER(SEARCH("-"&$A103&"-","-"&INDEX($H$73:$H$81,MATCH(L$99,$A$73:$A$81,0))&"-")),1,0) -> 0 | M103: =IF(ISNUMBER(SEARCH("-"&$A103&"-","-"&INDEX($H$73:$H$81,MATCH(M$99,$A$73:$A$81,0))&"-")),1,0) -> 0 | N103: =SUM(E103:M103) -> 2 | O103: =IF(N103>0,"Covered","NOT covered") -> Covered
A104: =A40 -> 5 | B104: =C40 -> Decision | E104: =IF(ISNUMBER(SEARCH("-"&$A104&"-","-"&INDEX($H$73:$H$81,MATCH(E$99,$A$73:$A$81,0))&"-")),1,0) -> 1 | F104: =IF(ISNUMBER(SEARCH("-"&$A104&"-","-"&INDEX($H$73:$H$81,MATCH(F$99,$A$73:$A$81,0))&"-")),1,0) -> 0 | G104: =IF(ISNUMBER(SEARCH("-"&$A104&"-","-"&INDEX($H$73:$H$81,MATCH(G$99,$A$73:$A$81,0))&"-")),1,0) -> 0 | H104: =IF(ISNUMBER(SEARCH("-"&$A104&"-","-"&INDEX($H$73:$H$81,MATCH(H$99,$A$73:$A$81,0))&"-")),1,0) -> 1 | I104: =IF(ISNUMBER(SEARCH("-"&$A104&"-","-"&INDEX($H$73:$H$81,MATCH(I$99,$A$73:$A$81,0))&"-")),1,0) -> 1 | J104: =IF(ISNUMBER(SEARCH("-"&$A104&"-","-"&INDEX($H$73:$H$81,MATCH(J$99,$A$73:$A$81,0))&"-")),1,0) -> 0 | K104: =IF(ISNUMBER(SEARCH("-"&$A104&"-","-"&INDEX($H$73:$H$81,MATCH(K$99,$A$73:$A$81,0))&"-")),1,0) -> 0 | L104: =IF(ISNUMBER(SEARCH("-"&$A104&"-","-"&INDEX($H$73:$H$81,MATCH(L$99,$A$73:$A$81,0))&"-")),1,0) -> 1 | M104: =IF(ISNUMBER(SEARCH("-"&$A104&"-","-"&INDEX($H$73:$H$81,MATCH(M$99,$A$73:$A$81,0))&"-")),1,0) -> 1 | N104: =SUM(E104:M104) -> 5 | O104: =IF(N104>0,"Covered","NOT covered") -> Covered
A105: =A41 -> 6 | B105: =C41 -> Process | E105: =IF(ISNUMBER(SEARCH("-"&$A105&"-","-"&INDEX($H$73:$H$81,MATCH(E$99,$A$73:$A$81,0))&"-")),1,0) -> 0 | F105: =IF(ISNUMBER(SEARCH("-"&$A105&"-","-"&INDEX($H$73:$H$81,MATCH(F$99,$A$73:$A$81,0))&"-")),1,0) -> 0 | G105: =IF(ISNUMBER(SEARCH("-"&$A105&"-","-"&INDEX($H$73:$H$81,MATCH(G$99,$A$73:$A$81,0))&"-")),1,0) -> 0 | H105: =IF(ISNUMBER(SEARCH("-"&$A105&"-","-"&INDEX($H$73:$H$81,MATCH(H$99,$A$73:$A$81,0))&"-")),1,0) -> 1 | I105: =IF(ISNUMBER(SEARCH("-"&$A105&"-","-"&INDEX($H$73:$H$81,MATCH(I$99,$A$73:$A$81,0))&"-")),1,0) -> 0 | J105: =IF(ISNUMBER(SEARCH("-"&$A105&"-","-"&INDEX($H$73:$H$81,MATCH(J$99,$A$73:$A$81,0))&"-")),1,0) -> 0 | K105: =IF(ISNUMBER(SEARCH("-"&$A105&"-","-"&INDEX($H$73:$H$81,MATCH(K$99,$A$73:$A$81,0))&"-")),1,0) -> 0 | L105: =IF(ISNUMBER(SEARCH("-"&$A105&"-","-"&INDEX($H$73:$H$81,MATCH(L$99,$A$73:$A$81,0))&"-")),1,0) -> 0 | M105: =IF(ISNUMBER(SEARCH("-"&$A105&"-","-"&INDEX($H$73:$H$81,MATCH(M$99,$A$73:$A$81,0))&"-")),1,0) -> 1 | N105: =SUM(E105:M105) -> 2 | O105: =IF(N105>0,"Covered","NOT covered") -> Covered
A106: =A42 -> 7 | B106: =C42 -> Decision | E106: =IF(ISNUMBER(SEARCH("-"&$A106&"-","-"&INDEX($H$73:$H$81,MATCH(E$99,$A$73:$A$81,0))&"-")),1,0) -> 1 | F106: =IF(ISNUMBER(SEARCH("-"&$A106&"-","-"&INDEX($H$73:$H$81,MATCH(F$99,$A$73:$A$81,0))&"-")),1,0) -> 0 | G106: =IF(ISNUMBER(SEARCH("-"&$A106&"-","-"&INDEX($H$73:$H$81,MATCH(G$99,$A$73:$A$81,0))&"-")),1,0) -> 0 | H106: =IF(ISNUMBER(SEARCH("-"&$A106&"-","-"&INDEX($H$73:$H$81,MATCH(H$99,$A$73:$A$81,0))&"-")),1,0) -> 0 | I106: =IF(ISNUMBER(SEARCH("-"&$A106&"-","-"&INDEX($H$73:$H$81,MATCH(I$99,$A$73:$A$81,0))&"-")),1,0) -> 1 | J106: =IF(ISNUMBER(SEARCH("-"&$A106&"-","-"&INDEX($H$73:$H$81,MATCH(J$99,$A$73:$A$81,0))&"-")),1,0) -> 0 | K106: =IF(ISNUMBER(SEARCH("-"&$A106&"-","-"&INDEX($H$73:$H$81,MATCH(K$99,$A$73:$A$81,0))&"-")),1,0) -> 0 | L106: =IF(ISNUMBER(SEARCH("-"&$A106&"-","-"&INDEX($H$73:$H$81,MATCH(L$99,$A$73:$A$81,0))&"-")),1,0) -> 1 | M106: =IF(ISNUMBER(SEARCH("-"&$A106&"-","-"&INDEX($H$73:$H$81,MATCH(M$99,$A$73:$A$81,0))&"-")),1,0) -> 0 | N106: =SUM(E106:M106) -> 3 | O106: =IF(N106>0,"Covered","NOT covered") -> Covered
A107: =A43 -> 8 | B107: =C43 -> Process | E107: =IF(ISNUMBER(SEARCH("-"&$A107&"-","-"&INDEX($H$73:$H$81,MATCH(E$99,$A$73:$A$81,0))&"-")),1,0) -> 0 | F107: =IF(ISNUMBER(SEARCH("-"&$A107&"-","-"&INDEX($H$73:$H$81,MATCH(F$99,$A$73:$A$81,0))&"-")),1,0) -> 0 | G107: =IF(ISNUMBER(SEARCH("-"&$A107&"-","-"&INDEX($H$73:$H$81,MATCH(G$99,$A$73:$A$81,0))&"-")),1,0) -> 0 | H107: =IF(ISNUMBER(SEARCH("-"&$A107&"-","-"&INDEX($H$73:$H$81,MATCH(H$99,$A$73:$A$81,0))&"-")),1,0) -> 0 | I107: =IF(ISNUMBER(SEARCH("-"&$A107&"-","-"&INDEX($H$73:$H$81,MATCH(I$99,$A$73:$A$81,0))&"-")),1,0) -> 1 | J107: =IF(ISNUMBER(SEARCH("-"&$A107&"-","-"&INDEX($H$73:$H$81,MATCH(J$99,$A$73:$A$81,0))&"-")),1,0) -> 0 | K107: =IF(ISNUMBER(SEARCH("-"&$A107&"-","-"&INDEX($H$73:$H$81,MATCH(K$99,$A$73:$A$81,0))&"-")),1,0) -> 0 | L107: =IF(ISNUMBER(SEARCH("-"&$A107&"-","-"&INDEX($H$73:$H$81,MATCH(L$99,$A$73:$A$81,0))&"-")),1,0) -> 0 | M107: =IF(ISNUMBER(SEARCH("-"&$A107&"-","-"&INDEX($H$73:$H$81,MATCH(M$99,$A$73:$A$81,0))&"-")),1,0) -> 0 | N107: =SUM(E107:M107) -> 1 | O107: =IF(N107>0,"Covered","NOT covered") -> Covered
A108: =A44 -> 9 | B108: =C44 -> Process | E108: =IF(ISNUMBER(SEARCH("-"&$A108&"-","-"&INDEX($H$73:$H$81,MATCH(E$99,$A$73:$A$81,0))&"-")),1,0) -> 1 | F108: =IF(ISNUMBER(SEARCH("-"&$A108&"-","-"&INDEX($H$73:$H$81,MATCH(F$99,$A$73:$A$81,0))&"-")),1,0) -> 0 | G108: =IF(ISNUMBER(SEARCH("-"&$A108&"-","-"&INDEX($H$73:$H$81,MATCH(G$99,$A$73:$A$81,0))&"-")),1,0) -> 0 | H108: =IF(ISNUMBER(SEARCH("-"&$A108&"-","-"&INDEX($H$73:$H$81,MATCH(H$99,$A$73:$A$81,0))&"-")),1,0) -> 0 | I108: =IF(ISNUMBER(SEARCH("-"&$A108&"-","-"&INDEX($H$73:$H$81,MATCH(I$99,$A$73:$A$81,0))&"-")),1,0) -> 0 | J108: =IF(ISNUMBER(SEARCH("-"&$A108&"-","-"&INDEX($H$73:$H$81,MATCH(J$99,$A$73:$A$81,0))&"-")),1,0) -> 0 | K108: =IF(ISNUMBER(SEARCH("-"&$A108&"-","-"&INDEX($H$73:$H$81,MATCH(K$99,$A$73:$A$81,0))&"-")),1,0) -> 0 | L108: =IF(ISNUMBER(SEARCH("-"&$A108&"-","-"&INDEX($H$73:$H$81,MATCH(L$99,$A$73:$A$81,0))&"-")),1,0) -> 1 | M108: =IF(ISNUMBER(SEARCH("-"&$A108&"-","-"&INDEX($H$73:$H$81,MATCH(M$99,$A$73:$A$81,0))&"-")),1,0) -> 0 | N108: =SUM(E108:M108) -> 2 | O108: =IF(N108>0,"Covered","NOT covered") -> Covered
A109: =A45 -> 10 | B109: =C45 -> Exit | E109: =IF(ISNUMBER(SEARCH("-"&$A109&"-","-"&INDEX($H$73:$H$81,MATCH(E$99,$A$73:$A$81,0))&"-")),1,0) -> 1 | F109: =IF(ISNUMBER(SEARCH("-"&$A109&"-","-"&INDEX($H$73:$H$81,MATCH(F$99,$A$73:$A$81,0))&"-")),1,0) -> 1 | G109: =IF(ISNUMBER(SEARCH("-"&$A109&"-","-"&INDEX($H$73:$H$81,MATCH(G$99,$A$73:$A$81,0))&"-")),1,0) -> 1 | H109: =IF(ISNUMBER(SEARCH("-"&$A109&"-","-"&INDEX($H$73:$H$81,MATCH(H$99,$A$73:$A$81,0))&"-")),1,0) -> 1 | I109: =IF(ISNUMBER(SEARCH("-"&$A109&"-","-"&INDEX($H$73:$H$81,MATCH(I$99,$A$73:$A$81,0))&"-")),1,0) -> 1 | J109: =IF(ISNUMBER(SEARCH("-"&$A109&"-","-"&INDEX($H$73:$H$81,MATCH(J$99,$A$73:$A$81,0))&"-")),1,0) -> 1 | K109: =IF(ISNUMBER(SEARCH("-"&$A109&"-","-"&INDEX($H$73:$H$81,MATCH(K$99,$A$73:$A$81,0))&"-")),1,0) -> 1 | L109: =IF(ISNUMBER(SEARCH("-"&$A109&"-","-"&INDEX($H$73:$H$81,MATCH(L$99,$A$73:$A$81,0))&"-")),1,0) -> 1 | M109: =IF(ISNUMBER(SEARCH("-"&$A109&"-","-"&INDEX($H$73:$H$81,MATCH(M$99,$A$73:$A$81,0))&"-")),1,0) -> 1 | N109: =SUM(E109:M109) -> 9 | O109: =IF(N109>0,"Covered","NOT covered") -> Covered
A111: 7. Coverage results
A112: Statement (node) coverage | D112: =COUNTIF(O100:O109,"Covered")/COUNTA(A100:A109) -> 1
A113: Branch (decision) coverage | D113: =(COUNTIFS(D85:D97,"T",O85:O97,"Covered")+COUNTIFS(D85:D97,"F",O85:O97,"Covered"))/(COUNTIF(D85:D97,"T")+COUNTIF(D85:D97,"F")) -> 1
A114: Edge (path) coverage | D114: =COUNTIF(O85:O97,"Covered")/COUNTA(A85:A97) -> 1
A115: Tests passed | D115: =COUNTIF(G73:G81,"Pass")&" / "&COUNTA(A73:A81) -> 9 / 9
